"B","observations","genes","batch_size","k","initializer","method","ARI","WCSS"
1,1000,1000,0.005,3,random,mbkmeans,0.996531455865833,2764384.20267224
2,1000,1000,0.005,3,random,mbkmeans,0.973577586018713,3245421.73031886
3,1000,1000,0.005,3,random,mbkmeans,0.984413353369884,2801711.70288496
4,1000,1000,0.005,3,random,mbkmeans,0.973325003986617,3417527.27215018
5,1000,1000,0.005,3,random,mbkmeans,0.491484448223728,8299239.28612103
6,1000,1000,0.005,3,random,mbkmeans,0.985816831418133,3161913.41239276
7,1000,1000,0.005,3,random,mbkmeans,0.978128080501948,3094882.49307158
8,1000,1000,0.005,3,random,mbkmeans,0.978792647838719,2934386.90629679
9,1000,1000,0.005,3,random,mbkmeans,0.939384514020405,3219820.50111048
10,1000,1000,0.005,3,random,mbkmeans,0.990233399268904,2924892.5931941
11,1000,1000,0.005,3,random,mbkmeans,0.987340774468226,2822496.94877071
12,1000,1000,0.005,3,random,mbkmeans,0.981071435647485,3250756.46679658
13,1000,1000,0.005,3,random,mbkmeans,0.986904988662279,3138638.68560158
14,1000,1000,0.005,3,random,mbkmeans,0.911475891392721,4269482.38375192
15,1000,1000,0.005,3,random,mbkmeans,0.993138252340914,2614599.61795245
16,1000,1000,0.005,3,random,mbkmeans,0.996592074370686,2556415.23419552
17,1000,1000,0.005,3,random,mbkmeans,0.975585850059081,2912111.56420416
18,1000,1000,0.005,3,random,mbkmeans,0.959691140520441,3477217.02591672
19,1000,1000,0.005,3,random,mbkmeans,0.993618206146596,2889707.96448724
20,1000,1000,0.005,3,random,mbkmeans,0.978509236805729,2743385.35690746
1,1000,1000,0.01,3,random,mbkmeans,0.959872781971113,2747342.47322086
2,1000,1000,0.01,3,random,mbkmeans,0.990201459032401,2433623.7992154
3,1000,1000,0.01,3,random,mbkmeans,0.985250923427944,3121253.44223978
4,1000,1000,0.01,3,random,mbkmeans,0.994108949947159,2587948.43741665
5,1000,1000,0.01,3,random,mbkmeans,1,2293334.03768931
6,1000,1000,0.01,3,random,mbkmeans,0.983412914199348,2552510.12338765
7,1000,1000,0.01,3,random,mbkmeans,0.984335422234133,2666091.07149415
8,1000,1000,0.01,3,random,mbkmeans,0.979025465502521,2541713.88822919
9,1000,1000,0.01,3,random,mbkmeans,0.9965996552344,2542115.51427425
10,1000,1000,0.01,3,random,mbkmeans,0.9936528813444,2894705.73454299
11,1000,1000,0.01,3,random,mbkmeans,0.990232125211347,2670463.41146695
12,1000,1000,0.01,3,random,mbkmeans,0.951355198663325,2989538.42163154
13,1000,1000,0.01,3,random,mbkmeans,0.983918130051516,2663165.64533772
14,1000,1000,0.01,3,random,mbkmeans,0.984784570928244,2740179.97889565
15,1000,1000,0.01,3,random,mbkmeans,0.984385846908771,2714385.86484495
16,1000,1000,0.01,3,random,mbkmeans,0.991272159222827,2506184.73826023
17,1000,1000,0.01,3,random,mbkmeans,0.993131707207259,2409932.60452551
18,1000,1000,0.01,3,random,mbkmeans,0.978949226372823,2646780.74172894
19,1000,1000,0.01,3,random,mbkmeans,0.971235493294787,3005065.03399452
20,1000,1000,0.01,3,random,mbkmeans,0.995905319463827,3387273.35627395
1,1000,1000,0.05,3,random,mbkmeans,0.975152645561353,2172111.48869373
2,1000,1000,0.05,3,random,mbkmeans,0.960616195450503,2133143.45995078
3,1000,1000,0.05,3,random,mbkmeans,0.983945069459277,2161604.51270619
4,1000,1000,0.05,3,random,mbkmeans,0.98299092176194,2067660.49086753
5,1000,1000,0.05,3,random,mbkmeans,0.993614683712927,2063966.83173503
6,1000,1000,0.05,3,random,mbkmeans,0.990658227766753,2077939.18898875
7,1000,1000,0.05,3,random,mbkmeans,0.996692764571425,2042884.77354711
8,1000,1000,0.05,3,random,mbkmeans,0.986817870262735,2113226.18067629
9,1000,1000,0.05,3,random,mbkmeans,0.983155590712114,2149709.00527479
10,1000,1000,0.05,3,random,mbkmeans,0.990570894907666,2222130.40568972
11,1000,1000,0.05,3,random,mbkmeans,0.993086844691183,2121486.76595926
12,1000,1000,0.05,3,random,mbkmeans,0.984156184137744,2100096.57807081
13,1000,1000,0.05,3,random,mbkmeans,0.986788774119847,2127908.74575145
14,1000,1000,0.05,3,random,mbkmeans,0.983186697030026,2198130.67110705
15,1000,1000,0.05,3,random,mbkmeans,0.981517817287694,2042481.04101407
16,1000,1000,0.05,3,random,mbkmeans,0.993960121883223,2030323.84007015
17,1000,1000,0.05,3,random,mbkmeans,0.993598375308797,1988235.82729554
18,1000,1000,0.05,3,random,mbkmeans,0.990230066653146,2158017.09418054
19,1000,1000,0.05,3,random,mbkmeans,0.996623224203689,2109547.03884366
20,1000,1000,0.05,3,random,mbkmeans,0.994144937058133,2160324.40246328
1,1000,1000,0.1,3,random,mbkmeans,0.997037777805197,2005701.7386397
2,1000,1000,0.1,3,random,mbkmeans,0.986437199541837,2035605.47837022
3,1000,1000,0.1,3,random,mbkmeans,0.985509898002003,2047694.85246564
4,1000,1000,0.1,3,random,mbkmeans,0.993193251861614,2088837.85706233
5,1000,1000,0.1,3,random,mbkmeans,0.986910287420253,2146867.55406577
6,1000,1000,0.1,3,random,mbkmeans,0.993156519798677,1962941.01660695
7,1000,1000,0.1,3,random,mbkmeans,0.993630122476254,2012089.08316882
8,1000,1000,0.1,3,random,mbkmeans,0.98723567544596,2107007.50872776
9,1000,1000,0.1,3,random,mbkmeans,0.993296175483411,1972925.10548536
10,1000,1000,0.1,3,random,mbkmeans,0.996620271405434,2097621.7232845
11,1000,1000,0.1,3,random,mbkmeans,0.980537389396285,2098550.88647124
12,1000,1000,0.1,3,random,mbkmeans,0.980933005151922,2042888.57138782
13,1000,1000,0.1,3,random,mbkmeans,0.99306267466741,2084156.45754526
14,1000,1000,0.1,3,random,mbkmeans,0.983622614969978,2059980.36994896
15,1000,1000,0.1,3,random,mbkmeans,0.991532995549021,2049474.48298864
16,1000,1000,0.1,3,random,mbkmeans,0.984315443346787,1972856.91204887
17,1000,1000,0.1,3,random,mbkmeans,0.996584639973546,2067102.38311689
18,1000,1000,0.1,3,random,mbkmeans,0.989896302978256,1976702.33013612
19,1000,1000,0.1,3,random,mbkmeans,0.990266133244368,2147273.24242009
20,1000,1000,0.1,3,random,mbkmeans,0.993155339453676,2070032.74716509
1,1000,1000,0.2,3,random,mbkmeans,0.971951374419671,2164375.00142435
2,1000,1000,0.2,3,random,mbkmeans,0.986799465584141,1994284.27681552
3,1000,1000,0.2,3,random,mbkmeans,0.980218157778322,2018331.75653338
4,1000,1000,0.2,3,random,mbkmeans,0.99361819445049,2060913.77932086
5,1000,1000,0.2,3,random,mbkmeans,0.990308792196992,1994457.91804032
6,1000,1000,0.2,3,random,mbkmeans,0.993705019168446,2136070.99568269
7,1000,1000,0.2,3,random,mbkmeans,0.993637065321277,2033044.17487086
8,1000,1000,0.2,3,random,mbkmeans,0.986825532780554,2059503.95089079
9,1000,1000,0.2,3,random,mbkmeans,0.983869164208467,1973677.17903922
10,1000,1000,0.2,3,random,mbkmeans,0.980594971059461,2114625.54155649
11,1000,1000,0.2,3,random,mbkmeans,0.990720124018237,1854250.82585449
12,1000,1000,0.2,3,random,mbkmeans,0.986870240137032,2122904.14144613
13,1000,1000,0.2,3,random,mbkmeans,0.996661650435271,2167621.69872407
14,1000,1000,0.2,3,random,mbkmeans,0.993932355466252,1991469.565284
15,1000,1000,0.2,3,random,mbkmeans,0.984792657794264,1939720.74587412
16,1000,1000,0.2,3,random,mbkmeans,0.987726108578161,1932087.52239693
17,1000,1000,0.2,3,random,mbkmeans,0.996610338796541,2141434.09205573
18,1000,1000,0.2,3,random,mbkmeans,0.983433592728527,2015082.31766354
19,1000,1000,0.2,3,random,mbkmeans,0.996636152447364,2082752.28534426
20,1000,1000,0.2,3,random,mbkmeans,0.990223673335804,1993708.56268991
1,1000,1000,0.5,3,random,mbkmeans,1,2055595.70862401
2,1000,1000,0.5,3,random,mbkmeans,0.987978375734457,2104459.58153144
3,1000,1000,0.5,3,random,mbkmeans,0.996561106315545,2017374.80464785
4,1000,1000,0.5,3,random,mbkmeans,0.989771184209612,2024349.9443761
5,1000,1000,0.5,3,random,mbkmeans,0.98699660819205,2032577.01080519
6,1000,1000,0.5,3,random,mbkmeans,0.993233299458965,1949846.693724
7,1000,1000,0.5,3,random,mbkmeans,0.993640362395749,2019867.9857523
8,1000,1000,0.5,3,random,mbkmeans,0.996589501731976,1954554.98323548
9,1000,1000,0.5,3,random,mbkmeans,0.990190498842975,1914797.41309975
10,1000,1000,0.5,3,random,mbkmeans,0.996636504808826,2034175.71638274
11,1000,1000,0.5,3,random,mbkmeans,0.993207555302808,2004624.52577403
12,1000,1000,0.5,3,random,mbkmeans,0.990503561902347,1905319.96134053
13,1000,1000,0.5,3,random,mbkmeans,0.993968784990805,2071377.41687876
14,1000,1000,0.5,3,random,mbkmeans,0.993183264775361,1909845.21218874
15,1000,1000,0.5,3,random,mbkmeans,0.966989067603445,1999481.38902345
16,1000,1000,0.5,3,random,mbkmeans,0.990666439673746,2093008.81016532
17,1000,1000,0.5,3,random,mbkmeans,0.980157415830218,2024597.28288735
18,1000,1000,0.5,3,random,mbkmeans,0.996988776013223,2035102.39139602
19,1000,1000,0.5,3,random,mbkmeans,0.990679516802116,1888510.6412144
20,1000,1000,0.5,3,random,mbkmeans,0.990610583060634,2016136.86008808
1,1000,1000,0.8,3,random,mbkmeans,1,1956846.95377931
2,1000,1000,0.8,3,random,mbkmeans,0.993646678563197,1981133.44227727
3,1000,1000,0.8,3,random,mbkmeans,0.9934179714625,2009358.87130832
4,1000,1000,0.8,3,random,mbkmeans,0.996568567387845,1978498.06520387
5,1000,1000,0.8,3,random,mbkmeans,0.989836725587119,1961463.48117391
6,1000,1000,0.8,3,random,mbkmeans,0.993628965340562,2001286.92750114
7,1000,1000,0.8,3,random,mbkmeans,0.996563777705139,1938484.91390546
8,1000,1000,0.8,3,random,mbkmeans,0.993721240792635,2056338.62607887
9,1000,1000,0.8,3,random,mbkmeans,0.981033110321958,1969973.23956682
10,1000,1000,0.8,3,random,mbkmeans,0.996554216526978,2044330.92930968
11,1000,1000,0.8,3,random,mbkmeans,0.993107155089998,1945836.58994067
12,1000,1000,0.8,3,random,mbkmeans,0.981821557752335,2069210.47323961
13,1000,1000,0.8,3,random,mbkmeans,0.990659944439378,1964945.57079269
14,1000,1000,0.8,3,random,mbkmeans,0.970938418668803,1963487.74207909
15,1000,1000,0.8,3,random,mbkmeans,0.993303633276641,1895381.36006816
16,1000,1000,0.8,3,random,mbkmeans,0.986265314320229,2067318.55739829
17,1000,1000,0.8,3,random,mbkmeans,0.983458906811185,2005874.0074723
18,1000,1000,0.8,3,random,mbkmeans,0.98630443324357,1947820.64100366
19,1000,1000,0.8,3,random,mbkmeans,0.996566688122264,2007731.2193742
20,1000,1000,0.8,3,random,mbkmeans,0.990339116198658,1940457.38803114
1,1000,1000,1,3,random,mbkmeans,0.993606661279103,1969258.96832886
2,1000,1000,1,3,random,mbkmeans,0.983393068641405,2005465.71581713
3,1000,1000,1,3,random,mbkmeans,0.993237159829748,2093509.86905229
4,1000,1000,1,3,random,mbkmeans,0.98391959251377,1953602.18050084
5,1000,1000,1,3,random,mbkmeans,0.993608274066574,1928488.67315119
6,1000,1000,1,3,random,mbkmeans,0.993604813803828,2005632.69831054
7,1000,1000,1,3,random,mbkmeans,0.978010449263866,1967259.59759288
8,1000,1000,1,3,random,mbkmeans,0.977017033538306,1970258.61282557
9,1000,1000,1,3,random,mbkmeans,0.983954567155134,2052992.06504442
10,1000,1000,1,3,random,mbkmeans,0.983058797383667,1965810.83368876
11,1000,1000,1,3,random,mbkmeans,0.981004196602544,1992579.56305445
12,1000,1000,1,3,random,mbkmeans,0.99306411088228,1987991.46916826
13,1000,1000,1,3,random,mbkmeans,0.976783091391893,2117303.32590354
14,1000,1000,1,3,random,mbkmeans,0.990220667875039,1961852.42397362
15,1000,1000,1,3,random,mbkmeans,1,1961805.02854093
16,1000,1000,1,3,random,mbkmeans,0.993199419263515,2108216.62478248
17,1000,1000,1,3,random,mbkmeans,0.990275593396231,1933920.29215471
18,1000,1000,1,3,random,mbkmeans,0.983790345632582,1950527.68363587
19,1000,1000,1,3,random,mbkmeans,0.996618270383051,2021969.4130892
20,1000,1000,1,3,random,mbkmeans,0.990279704699778,1957478.73212105
1,5000,1000,0.005,3,random,mbkmeans,0.989740137332873,10993596.7584479
2,5000,1000,0.005,3,random,mbkmeans,0.981440678406308,11423514.6306935
3,5000,1000,0.005,3,random,mbkmeans,0.992805531709564,11141166.4924416
4,5000,1000,0.005,3,random,mbkmeans,0.986295687291896,10849284.7976231
5,5000,1000,0.005,3,random,mbkmeans,0.988900834862626,11332992.4693606
6,5000,1000,0.005,3,random,mbkmeans,0.989302305602132,10664494.1566767
7,5000,1000,0.005,3,random,mbkmeans,0.993051076214667,11415465.0980403
8,5000,1000,0.005,3,random,mbkmeans,0.990276718678053,16733166.6993838
9,5000,1000,0.005,3,random,mbkmeans,0.988985616114119,11232009.5284687
10,5000,1000,0.005,3,random,mbkmeans,0.987457418747292,11009393.4989486
11,5000,1000,0.005,3,random,mbkmeans,0.983118809032943,11552124.5925263
12,5000,1000,0.005,3,random,mbkmeans,0.987919899794653,10864504.9333786
13,5000,1000,0.005,3,random,mbkmeans,0.991184159682494,10716155.3277068
14,5000,1000,0.005,3,random,mbkmeans,0.98898556559792,11830859.6930604
15,5000,1000,0.005,3,random,mbkmeans,0.99603017283548,11213429.4002026
16,5000,1000,0.005,3,random,mbkmeans,0.966955418726478,13828898.7706326
17,5000,1000,0.005,3,random,mbkmeans,0.980697136148219,11108745.044009
18,5000,1000,0.005,3,random,mbkmeans,0.985845641756749,11241073.9271219
19,5000,1000,0.005,3,random,mbkmeans,0.9964413563598,12459557.4825851
20,5000,1000,0.005,3,random,mbkmeans,0.989163146427935,10507169.4149454
1,5000,1000,0.01,3,random,mbkmeans,0.989246214381854,10789357.0508643
2,5000,1000,0.01,3,random,mbkmeans,0.988297918774694,10869921.0986723
3,5000,1000,0.01,3,random,mbkmeans,0.990643055540868,11211389.1452918
4,5000,1000,0.01,3,random,mbkmeans,0.985242006855936,10640822.206979
5,5000,1000,0.01,3,random,mbkmeans,0.990670157583633,11048484.4249018
6,5000,1000,0.01,3,random,mbkmeans,0.98747432130244,10631314.4379614
7,5000,1000,0.01,3,random,mbkmeans,0.993332155855248,10826015.3053531
8,5000,1000,0.01,3,random,mbkmeans,0.990585616650048,10511153.9582484
9,5000,1000,0.01,3,random,mbkmeans,0.986243382436234,10266383.5596619
10,5000,1000,0.01,3,random,mbkmeans,0.991691711864311,10784220.0794525
11,5000,1000,0.01,3,random,mbkmeans,0.989568822056944,10494736.6188989
12,5000,1000,0.01,3,random,mbkmeans,0.987245614562767,10934860.5303538
13,5000,1000,0.01,3,random,mbkmeans,0.991579631830145,10408353.3602689
14,5000,1000,0.01,3,random,mbkmeans,0.983999252415678,11038638.5243773
15,5000,1000,0.01,3,random,mbkmeans,0.989142807007603,10903373.7675007
16,5000,1000,0.01,3,random,mbkmeans,0.995326964774926,10630975.2474191
17,5000,1000,0.01,3,random,mbkmeans,0.992358198908899,10663764.604768
18,5000,1000,0.01,3,random,mbkmeans,0.988571884358262,10050093.4682251
19,5000,1000,0.01,3,random,mbkmeans,0.990042989503694,10826450.9873591
20,5000,1000,0.01,3,random,mbkmeans,0.981490095044694,11010326.4979474
1,5000,1000,0.05,3,random,mbkmeans,0.987738151599866,10269154.8034535
2,5000,1000,0.05,3,random,mbkmeans,0.989452476060784,9774136.90431485
3,5000,1000,0.05,3,random,mbkmeans,0.988819642398885,9934024.92673212
4,5000,1000,0.05,3,random,mbkmeans,0.991777154417335,10031186.5323257
5,5000,1000,0.05,3,random,mbkmeans,0.990479095269905,10154354.1935678
6,5000,1000,0.05,3,random,mbkmeans,0.988986254180272,9760149.77630049
7,5000,1000,0.05,3,random,mbkmeans,0.991989895793048,9955253.2371846
8,5000,1000,0.05,3,random,mbkmeans,0.993047886041205,10035479.8919944
9,5000,1000,0.05,3,random,mbkmeans,0.988256732713028,9987950.08348871
10,5000,1000,0.05,3,random,mbkmeans,0.991022747904969,10121886.7843206
11,5000,1000,0.05,3,random,mbkmeans,0.989090122102922,9820623.96464716
12,5000,1000,0.05,3,random,mbkmeans,0.987375483041032,10052960.793699
13,5000,1000,0.05,3,random,mbkmeans,0.990133708109758,9854530.0633848
14,5000,1000,0.05,3,random,mbkmeans,0.988099968364086,10163327.4592569
15,5000,1000,0.05,3,random,mbkmeans,0.990331510960363,10076535.0125161
16,5000,1000,0.05,3,random,mbkmeans,0.991335134226181,10002741.1313492
17,5000,1000,0.05,3,random,mbkmeans,0.989901905462971,10432953.3390994
18,5000,1000,0.05,3,random,mbkmeans,0.99273194146992,10022629.6963258
19,5000,1000,0.05,3,random,mbkmeans,0.988311262968846,9883896.25744182
20,5000,1000,0.05,3,random,mbkmeans,0.983909580275829,10070570.9625479
1,5000,1000,0.1,3,random,mbkmeans,0.98898997011965,10437377.9062494
2,5000,1000,0.1,3,random,mbkmeans,0.990031924795626,10087408.775675
3,5000,1000,0.1,3,random,mbkmeans,0.991501698790321,10147767.4640348
4,5000,1000,0.1,3,random,mbkmeans,0.992429713817563,9715984.68111077
5,5000,1000,0.1,3,random,mbkmeans,0.991418965119811,9834625.8569713
6,5000,1000,0.1,3,random,mbkmeans,0.98652307154001,9970956.61949277
7,5000,1000,0.1,3,random,mbkmeans,0.989150213503632,10026701.1038434
8,5000,1000,0.1,3,random,mbkmeans,0.9873830190956,10213816.5917158
9,5000,1000,0.1,3,random,mbkmeans,0.989238362759052,9813333.28346149
10,5000,1000,0.1,3,random,mbkmeans,0.988462166565077,10016899.1994611
11,5000,1000,0.1,3,random,mbkmeans,0.987056108920064,9921958.42989608
12,5000,1000,0.1,3,random,mbkmeans,0.986746233448132,10271785.870619
13,5000,1000,0.1,3,random,mbkmeans,0.991543404485519,10041141.1241841
14,5000,1000,0.1,3,random,mbkmeans,0.988237985616721,10042141.6075811
15,5000,1000,0.1,3,random,mbkmeans,0.989055748921086,9830013.02099883
16,5000,1000,0.1,3,random,mbkmeans,0.987381614504087,10224300.0413334
17,5000,1000,0.1,3,random,mbkmeans,0.990336853926196,9948100.07670704
18,5000,1000,0.1,3,random,mbkmeans,0.988634695382469,9912243.82274235
19,5000,1000,0.1,3,random,mbkmeans,0.99111834928769,9731075.65702153
20,5000,1000,0.1,3,random,mbkmeans,0.989563945735748,10267655.1365713
1,5000,1000,0.2,3,random,mbkmeans,0.989065956095859,10258706.7323985
2,5000,1000,0.2,3,random,mbkmeans,0.987234533044537,9996643.58528786
3,5000,1000,0.2,3,random,mbkmeans,0.99110914100404,9944495.66240165
4,5000,1000,0.2,3,random,mbkmeans,0.990104064637299,10185005.1627349
5,5000,1000,0.2,3,random,mbkmeans,0.990993175485152,9798786.487032
6,5000,1000,0.2,3,random,mbkmeans,0.988390874193939,10053600.5085139
7,5000,1000,0.2,3,random,mbkmeans,0.98770677150263,9957690.06744194
8,5000,1000,0.2,3,random,mbkmeans,0.989745216676728,10033258.9261395
9,5000,1000,0.2,3,random,mbkmeans,0.990931045274108,9747417.47660096
10,5000,1000,0.2,3,random,mbkmeans,0.991271422715618,10114129.7698236
11,5000,1000,0.2,3,random,mbkmeans,0.992221261112529,10205928.6000821
12,5000,1000,0.2,3,random,mbkmeans,0.987296167551258,10197947.9474405
13,5000,1000,0.2,3,random,mbkmeans,0.988729117565921,10145162.3218742
14,5000,1000,0.2,3,random,mbkmeans,0.992012906969636,9784642.75315439
15,5000,1000,0.2,3,random,mbkmeans,0.991515402362755,9870760.0291113
16,5000,1000,0.2,3,random,mbkmeans,0.991690665519644,9926600.31779572
17,5000,1000,0.2,3,random,mbkmeans,0.99381592889595,10117668.5871342
18,5000,1000,0.2,3,random,mbkmeans,0.98955882723296,9717581.75934944
19,5000,1000,0.2,3,random,mbkmeans,0.988863436738483,10070213.728673
20,5000,1000,0.2,3,random,mbkmeans,0.991861150137655,10387266.4195323
1,5000,1000,0.5,3,random,mbkmeans,0.98694225295263,9958800.75605856
2,5000,1000,0.5,3,random,mbkmeans,0.990259184190104,9730866.9406637
3,5000,1000,0.5,3,random,mbkmeans,0.992139838948045,10204570.4900953
4,5000,1000,0.5,3,random,mbkmeans,0.988821333007915,10311964.9822487
5,5000,1000,0.5,3,random,mbkmeans,0.992433882439611,9663121.47978271
6,5000,1000,0.5,3,random,mbkmeans,0.993362057869085,9881958.36615131
7,5000,1000,0.5,3,random,mbkmeans,0.990908382387306,10067530.0851028
8,5000,1000,0.5,3,random,mbkmeans,0.992361954186337,9754418.41501452
9,5000,1000,0.5,3,random,mbkmeans,0.987924787334925,9785250.2425601
10,5000,1000,0.5,3,random,mbkmeans,0.98997683663651,10061413.0839512
11,5000,1000,0.5,3,random,mbkmeans,0.99131701560836,10539081.3872475
12,5000,1000,0.5,3,random,mbkmeans,0.991523972680706,10076549.138115
13,5000,1000,0.5,3,random,mbkmeans,0.990499005534215,9923078.79389369
14,5000,1000,0.5,3,random,mbkmeans,0.986475590889346,9759068.88356023
15,5000,1000,0.5,3,random,mbkmeans,0.989006535456686,10282685.0847588
16,5000,1000,0.5,3,random,mbkmeans,0.992959625222022,9871395.32114261
17,5000,1000,0.5,3,random,mbkmeans,0.991763980735798,10279915.5774992
18,5000,1000,0.5,3,random,mbkmeans,0.986594932146169,9575978.45006288
19,5000,1000,0.5,3,random,mbkmeans,0.987161823898073,10000304.9257898
20,5000,1000,0.5,3,random,mbkmeans,0.992546459308358,10257037.4732739
1,5000,1000,0.8,3,random,mbkmeans,0.988826986727666,9970703.89154468
2,5000,1000,0.8,3,random,mbkmeans,0.988468419666948,10061044.850706
3,5000,1000,0.8,3,random,mbkmeans,0.988017237844676,10256614.9740302
4,5000,1000,0.8,3,random,mbkmeans,0.990926834267063,9984718.33177969
5,5000,1000,0.8,3,random,mbkmeans,0.991617957908481,9921192.0348435
6,5000,1000,0.8,3,random,mbkmeans,0.992537110845969,10124540.5693934
7,5000,1000,0.8,3,random,mbkmeans,0.98933044822747,10002991.9460569
8,5000,1000,0.8,3,random,mbkmeans,0.989092996276427,10021606.4664729
9,5000,1000,0.8,3,random,mbkmeans,0.990351405779611,9791521.9226925
10,5000,1000,0.8,3,random,mbkmeans,0.986023039217387,10152195.8279161
11,5000,1000,0.8,3,random,mbkmeans,0.991027923573433,10219617.6131861
12,5000,1000,0.8,3,random,mbkmeans,0.989749578152187,9894501.84367998
13,5000,1000,0.8,3,random,mbkmeans,0.991416979931875,9910868.08864355
14,5000,1000,0.8,3,random,mbkmeans,0.992441173081894,10329194.8239082
15,5000,1000,0.8,3,random,mbkmeans,0.987016136052776,9978761.3570984
16,5000,1000,0.8,3,random,mbkmeans,0.990013397999529,9966707.84060914
17,5000,1000,0.8,3,random,mbkmeans,0.986192038819126,10259386.7106136
18,5000,1000,0.8,3,random,mbkmeans,0.987306792577653,9803724.99441963
19,5000,1000,0.8,3,random,mbkmeans,0.990434248552093,10223212.3914629
20,5000,1000,0.8,3,random,mbkmeans,0.986815695870847,9910859.06021971
1,5000,1000,1,3,random,mbkmeans,0.991108753716196,9860357.74298285
2,5000,1000,1,3,random,mbkmeans,0.990160194570037,10168583.3366865
3,5000,1000,1,3,random,mbkmeans,0.989528159927788,10058665.6414899
4,5000,1000,1,3,random,mbkmeans,0.990836022368199,9970516.86789744
5,5000,1000,1,3,random,mbkmeans,0.987221609491326,10314978.1685871
6,5000,1000,1,3,random,mbkmeans,0.988405864946418,9894285.55454139
7,5000,1000,1,3,random,mbkmeans,0.990424869748632,10142552.4103759
8,5000,1000,1,3,random,mbkmeans,0.986027768437068,9984880.50870282
9,5000,1000,1,3,random,mbkmeans,0.985284738591775,10032218.6863631
10,5000,1000,1,3,random,mbkmeans,0.987401000919425,10231275.3386334
11,5000,1000,1,3,random,mbkmeans,0.990566735561336,10081415.2652436
12,5000,1000,1,3,random,mbkmeans,0.987223240228057,10149983.3344274
13,5000,1000,1,3,random,mbkmeans,0.990065414994696,10142071.4400359
14,5000,1000,1,3,random,mbkmeans,0.991700268200313,9656391.22220657
15,5000,1000,1,3,random,mbkmeans,0.992770761819495,10067538.499114
16,5000,1000,1,3,random,mbkmeans,0.990063296568926,10152704.7613785
17,5000,1000,1,3,random,mbkmeans,0.988168408488107,10326495.462959
18,5000,1000,1,3,random,mbkmeans,0.99159044268906,10056895.7329279
19,5000,1000,1,3,random,mbkmeans,0.99000397550474,9963578.90479548
20,5000,1000,1,3,random,mbkmeans,0.988206299898475,9898986.68789582
1,25000,1000,0.005,3,random,mbkmeans,0.986695625330737,52887199.3887703
2,25000,1000,0.005,3,random,mbkmeans,0.990019290237652,50361755.1139453
3,25000,1000,0.005,3,random,mbkmeans,0.98856706243494,52357414.9453114
4,25000,1000,0.005,3,random,mbkmeans,0.991387406466715,51864011.5039132
5,25000,1000,0.005,3,random,mbkmeans,0.989337459533783,49294312.8089205
6,25000,1000,0.005,3,random,mbkmeans,0.991674637348191,51315521.8334845
7,25000,1000,0.005,3,random,mbkmeans,0.991266936170439,50519990.1229504
8,25000,1000,0.005,3,random,mbkmeans,0.985867895022225,52262886.4182133
9,25000,1000,0.005,3,random,mbkmeans,0.989635751693635,50453243.4970773
10,25000,1000,0.005,3,random,mbkmeans,0.987385412138138,52276011.0844567
11,25000,1000,0.005,3,random,mbkmeans,0.987373193991424,53358568.9577213
12,25000,1000,0.005,3,random,mbkmeans,0.989851450715727,51177523.1746004
13,25000,1000,0.005,3,random,mbkmeans,0.988609140167602,51926610.4095434
14,25000,1000,0.005,3,random,mbkmeans,0.985344170820451,51101676.3203332
15,25000,1000,0.005,3,random,mbkmeans,0.992164649206233,51393724.4525246
16,25000,1000,0.005,3,random,mbkmeans,0.992898528945951,52616245.2120019
17,25000,1000,0.005,3,random,mbkmeans,0.990389225246375,50889314.2499843
18,25000,1000,0.005,3,random,mbkmeans,0.991722684362,51981241.594543
19,25000,1000,0.005,3,random,mbkmeans,0.987129392914901,52542748.9555256
20,25000,1000,0.005,3,random,mbkmeans,0.990577925779791,50965281.4837449
1,25000,1000,0.01,3,random,mbkmeans,0.990062368926815,50162091.7013017
2,25000,1000,0.01,3,random,mbkmeans,0.989599846124008,50602729.5379982
3,25000,1000,0.01,3,random,mbkmeans,0.989686214233438,50716376.3663499
4,25000,1000,0.01,3,random,mbkmeans,0.988114470246301,50945869.8282931
5,25000,1000,0.01,3,random,mbkmeans,0.987816655911772,51895698.3393046
6,25000,1000,0.01,3,random,mbkmeans,0.989307830039718,50219241.4580703
7,25000,1000,0.01,3,random,mbkmeans,0.98627925360569,50040167.7485761
8,25000,1000,0.01,3,random,mbkmeans,0.98934235031922,49708253.5310567
9,25000,1000,0.01,3,random,mbkmeans,0.988785430677026,50308422.977248
10,25000,1000,0.01,3,random,mbkmeans,0.987951750704656,51284001.234482
11,25000,1000,0.01,3,random,mbkmeans,0.989825876828183,50176409.7967747
12,25000,1000,0.01,3,random,mbkmeans,0.98747459672467,51992071.0178566
13,25000,1000,0.01,3,random,mbkmeans,0.989499647930861,52446351.9411334
14,25000,1000,0.01,3,random,mbkmeans,0.987307981504112,51471673.8661063
15,25000,1000,0.01,3,random,mbkmeans,0.991845010364628,51037110.4926172
16,25000,1000,0.01,3,random,mbkmeans,0.99331802496799,51071867.4648251
17,25000,1000,0.01,3,random,mbkmeans,0.987104746197749,50329509.2459334
18,25000,1000,0.01,3,random,mbkmeans,0.989900018446629,51972323.5836103
19,25000,1000,0.01,3,random,mbkmeans,0.98996457448966,51363326.0657841
20,25000,1000,0.01,3,random,mbkmeans,0.98037527259308,51044468.836464
1,25000,1000,0.05,3,random,mbkmeans,0.989945511140097,50138531.8150934
2,25000,1000,0.05,3,random,mbkmeans,0.989360336898427,51879954.0267952
3,25000,1000,0.05,3,random,mbkmeans,0.986463375370519,50368410.2442963
4,25000,1000,0.05,3,random,mbkmeans,0.989091086754519,48064029.4292534
5,25000,1000,0.05,3,random,mbkmeans,0.986513084585155,50282856.7153893
6,25000,1000,0.05,3,random,mbkmeans,0.988185756751793,50728481.8572674
7,25000,1000,0.05,3,random,mbkmeans,0.988039307326604,50795185.182791
8,25000,1000,0.05,3,random,mbkmeans,0.99087648126137,50979311.2839017
9,25000,1000,0.05,3,random,mbkmeans,0.986789772493028,49455973.7654695
10,25000,1000,0.05,3,random,mbkmeans,0.988547888818628,48941542.9456479
11,25000,1000,0.05,3,random,mbkmeans,0.989497784017507,49444719.1260901
12,25000,1000,0.05,3,random,mbkmeans,0.988936993536489,51421953.7503029
13,25000,1000,0.05,3,random,mbkmeans,0.988759007192256,49098571.0312685
14,25000,1000,0.05,3,random,mbkmeans,0.990229455274775,48810910.7224705
15,25000,1000,0.05,3,random,mbkmeans,0.987818234427343,50506018.7676359
16,25000,1000,0.05,3,random,mbkmeans,0.988762532844427,51493350.5250559
17,25000,1000,0.05,3,random,mbkmeans,0.988234439992149,50918303.469915
18,25000,1000,0.05,3,random,mbkmeans,0.988319053270478,50137720.3201126
19,25000,1000,0.05,3,random,mbkmeans,0.989674292966748,48916689.1927706
20,25000,1000,0.05,3,random,mbkmeans,0.990243565217565,50351457.2378
1,25000,1000,0.1,3,random,mbkmeans,0.988810064292125,49585522.1153539
2,25000,1000,0.1,3,random,mbkmeans,0.989852064185004,50819645.04602
3,25000,1000,0.1,3,random,mbkmeans,0.990677324313606,50516741.2643149
4,25000,1000,0.1,3,random,mbkmeans,0.987938317018884,49139582.2021872
5,25000,1000,0.1,3,random,mbkmeans,0.989955215937556,50145510.7520191
6,25000,1000,0.1,3,random,mbkmeans,0.988890837301948,50417813.0166026
7,25000,1000,0.1,3,random,mbkmeans,0.987260297744632,50177935.0366371
8,25000,1000,0.1,3,random,mbkmeans,0.988736346492243,48977466.3986535
9,25000,1000,0.1,3,random,mbkmeans,0.987737312485864,49623289.1043512
10,25000,1000,0.1,3,random,mbkmeans,0.989289419623037,51186084.0091836
11,25000,1000,0.1,3,random,mbkmeans,0.991150237653526,49961510.2327273
12,25000,1000,0.1,3,random,mbkmeans,0.989827640201055,49444667.0922634
13,25000,1000,0.1,3,random,mbkmeans,0.988407391576347,49869010.082198
14,25000,1000,0.1,3,random,mbkmeans,0.988408901603448,48601183.7088443
15,25000,1000,0.1,3,random,mbkmeans,0.990016761433044,50699548.637587
16,25000,1000,0.1,3,random,mbkmeans,0.988754414590546,49303250.1569257
17,25000,1000,0.1,3,random,mbkmeans,0.990578366421056,50932708.1482453
18,25000,1000,0.1,3,random,mbkmeans,0.989479722473743,48944355.1445118
19,25000,1000,0.1,3,random,mbkmeans,0.990823291258759,50589414.8358833
20,25000,1000,0.1,3,random,mbkmeans,0.99044240766833,49647938.032887
1,25000,1000,0.2,3,random,mbkmeans,0.991643007279563,50939635.4173308
2,25000,1000,0.2,3,random,mbkmeans,0.991211856414697,49409215.7107401
3,25000,1000,0.2,3,random,mbkmeans,0.989164823782872,49718895.9692692
4,25000,1000,0.2,3,random,mbkmeans,0.985955685167474,50200366.6488896
5,25000,1000,0.2,3,random,mbkmeans,0.988310799027611,50337159.7622191
6,25000,1000,0.2,3,random,mbkmeans,0.990427603343409,49272459.8072275
7,25000,1000,0.2,3,random,mbkmeans,0.989741794232077,50611168.541496
8,25000,1000,0.2,3,random,mbkmeans,0.990171867320585,50046406.100946
9,25000,1000,0.2,3,random,mbkmeans,0.989147528990538,50747416.0749046
10,25000,1000,0.2,3,random,mbkmeans,0.988634059372905,50753032.2955526
11,25000,1000,0.2,3,random,mbkmeans,0.991672382188242,51304297.5300486
12,25000,1000,0.2,3,random,mbkmeans,0.988376296977055,50860822.3985477
13,25000,1000,0.2,3,random,mbkmeans,0.98942249204179,49553985.1657159
14,25000,1000,0.2,3,random,mbkmeans,0.991286624496885,50786921.552436
15,25000,1000,0.2,3,random,mbkmeans,0.989071889486599,50697397.3464927
16,25000,1000,0.2,3,random,mbkmeans,0.988214815094993,48140800.8418784
17,25000,1000,0.2,3,random,mbkmeans,0.989836243192364,51047616.3547457
18,25000,1000,0.2,3,random,mbkmeans,0.989138566272821,49718880.9244912
19,25000,1000,0.2,3,random,mbkmeans,0.99098693150727,49048666.1851815
20,25000,1000,0.2,3,random,mbkmeans,0.988054341576298,50656010.8674331
1,25000,1000,0.5,3,random,mbkmeans,0.990774767812845,51292584.5984505
2,25000,1000,0.5,3,random,mbkmeans,0.987368481907514,49696851.8175774
3,25000,1000,0.5,3,random,mbkmeans,0.990740527376367,50258479.460751
4,25000,1000,0.5,3,random,mbkmeans,0.989411389820472,49918018.6724218
5,25000,1000,0.5,3,random,mbkmeans,0.990055742973203,49343942.7557944
6,25000,1000,0.5,3,random,mbkmeans,0.990376124388464,48775199.2644439
7,25000,1000,0.5,3,random,mbkmeans,0.988728352645743,49912517.3437337
8,25000,1000,0.5,3,random,mbkmeans,0.98902483290346,50887065.2075731
9,25000,1000,0.5,3,random,mbkmeans,0.990270916675301,50792175.0362721
10,25000,1000,0.5,3,random,mbkmeans,0.988209867122873,49278578.3799269
11,25000,1000,0.5,3,random,mbkmeans,0.988976190367504,49968170.8240679
12,25000,1000,0.5,3,random,mbkmeans,0.989529528344868,49306684.9993594
13,25000,1000,0.5,3,random,mbkmeans,0.987539400098924,50558831.3268866
14,25000,1000,0.5,3,random,mbkmeans,0.988344583647228,49953086.7984704
15,25000,1000,0.5,3,random,mbkmeans,0.990108309865221,51465717.9388347
16,25000,1000,0.5,3,random,mbkmeans,0.990562633602818,50620504.2909322
17,25000,1000,0.5,3,random,mbkmeans,0.989323299158673,50613520.4359377
18,25000,1000,0.5,3,random,mbkmeans,0.989221689896377,48756606.7082673
19,25000,1000,0.5,3,random,mbkmeans,0.989449843400068,50255813.597948
20,25000,1000,0.5,3,random,mbkmeans,0.986918844912601,49345256.1898348
1,25000,1000,0.8,3,random,mbkmeans,0.989311473039964,48800856.6620601
2,25000,1000,0.8,3,random,mbkmeans,0.988731813940722,49495331.7291995
3,25000,1000,0.8,3,random,mbkmeans,0.990106144155287,50538220.5555423
4,25000,1000,0.8,3,random,mbkmeans,0.990475603846828,50250225.213219
5,25000,1000,0.8,3,random,mbkmeans,0.989306583246499,48324174.8712586
6,25000,1000,0.8,3,random,mbkmeans,0.990058729796136,50727149.9945527
7,25000,1000,0.8,3,random,mbkmeans,0.989814193710175,51904362.2940287
8,25000,1000,0.8,3,random,mbkmeans,0.988153223079759,50127527.364346
9,25000,1000,0.8,3,random,mbkmeans,0.988249317781584,50261794.7266073
10,25000,1000,0.8,3,random,mbkmeans,0.98941153619665,49263687.4526868
11,25000,1000,0.8,3,random,mbkmeans,0.988833019351114,49784249.9170117
12,25000,1000,0.8,3,random,mbkmeans,0.990542939242371,49617736.405522
13,25000,1000,0.8,3,random,mbkmeans,0.989095968599849,49734106.3770964
14,25000,1000,0.8,3,random,mbkmeans,0.988719548481733,47682291.8928896
15,25000,1000,0.8,3,random,mbkmeans,0.989562575529033,48347612.5268567
16,25000,1000,0.8,3,random,mbkmeans,0.987062977728599,49966248.6763223
17,25000,1000,0.8,3,random,mbkmeans,0.987657236422491,49481338.2749959
18,25000,1000,0.8,3,random,mbkmeans,0.989159843436953,50676884.2397634
19,25000,1000,0.8,3,random,mbkmeans,0.990827769589752,50398653.05885
20,25000,1000,0.8,3,random,mbkmeans,0.990918572973565,52238388.2625191
1,25000,1000,1,3,random,mbkmeans,0.989173930826068,50034109.0494337
2,25000,1000,1,3,random,mbkmeans,0.989140494012483,49850675.2020221
3,25000,1000,1,3,random,mbkmeans,0.989727272895441,51224423.4884249
4,25000,1000,1,3,random,mbkmeans,0.9884425133492,49637531.6748181
5,25000,1000,1,3,random,mbkmeans,0.990004241410226,50713850.7327642
6,25000,1000,1,3,random,mbkmeans,0.986789707756126,51523368.1347784
7,25000,1000,1,3,random,mbkmeans,0.99032199804119,50396178.0281457
8,25000,1000,1,3,random,mbkmeans,0.987525137594127,49702202.1099075
9,25000,1000,1,3,random,mbkmeans,0.989746183347525,48387398.5366358
10,25000,1000,1,3,random,mbkmeans,0.989513719135994,50354126.6502514
11,25000,1000,1,3,random,mbkmeans,0.990697717395175,50843199.3962664
12,25000,1000,1,3,random,mbkmeans,0.992400396501977,48472956.1094472
13,25000,1000,1,3,random,mbkmeans,0.990269825914053,49671936.1866842
14,25000,1000,1,3,random,mbkmeans,0.991591510847745,49483117.0043297
15,25000,1000,1,3,random,mbkmeans,0.990814395393992,50994794.457197
16,25000,1000,1,3,random,mbkmeans,0.989947086387319,49960180.9612729
17,25000,1000,1,3,random,mbkmeans,0.99198587022005,49162847.7636939
18,25000,1000,1,3,random,mbkmeans,0.989460802199912,51120877.4882535
19,25000,1000,1,3,random,mbkmeans,0.98881719273018,49774022.7905907
20,25000,1000,1,3,random,mbkmeans,0.990063915413756,48804054.6738617
1,75000,1000,0.005,3,random,mbkmeans,0.989216575671279,152388725.917519
2,75000,1000,0.005,3,random,mbkmeans,0.988086960708346,153447406.032488
3,75000,1000,0.005,3,random,mbkmeans,0.990353205872254,149498264.648197
4,75000,1000,0.005,3,random,mbkmeans,0.985963656034106,152757097.960465
5,75000,1000,0.005,3,random,mbkmeans,0.989494728768241,150399774.215836
6,75000,1000,0.005,3,random,mbkmeans,0.988680018295434,153263930.702035
7,75000,1000,0.005,3,random,mbkmeans,0.98875960878326,147404218.89088
8,75000,1000,0.005,3,random,mbkmeans,0.98728248898314,150296925.987167
9,75000,1000,0.005,3,random,mbkmeans,0.98962815200871,152426424.166224
10,75000,1000,0.005,3,random,mbkmeans,0.987059900384352,155551426.12041
11,75000,1000,0.005,3,random,mbkmeans,0.990313286741415,152680979.865709
12,75000,1000,0.005,3,random,mbkmeans,0.988767498287093,149544358.073953
13,75000,1000,0.005,3,random,mbkmeans,0.990913950261481,152544896.571149
14,75000,1000,0.005,3,random,mbkmeans,0.988829217911005,153129063.64642
15,75000,1000,0.005,3,random,mbkmeans,0.987797861961187,153685170.909762
16,75000,1000,0.005,3,random,mbkmeans,0.991340835907503,147716524.526202
17,75000,1000,0.005,3,random,mbkmeans,0.990873662780298,146770979.108652
18,75000,1000,0.005,3,random,mbkmeans,0.989548776206169,153211920.764935
19,75000,1000,0.005,3,random,mbkmeans,0.988721593958267,158949461.823607
20,75000,1000,0.005,3,random,mbkmeans,0.990127357004702,151410207.50855
1,75000,1000,0.01,3,random,mbkmeans,0.989734446671026,149435811.453476
2,75000,1000,0.01,3,random,mbkmeans,0.988828105009267,149686161.550517
3,75000,1000,0.01,3,random,mbkmeans,0.988363692646917,149016153.050464
4,75000,1000,0.01,3,random,mbkmeans,0.988882488906181,151744110.648629
5,75000,1000,0.01,3,random,mbkmeans,0.989375526364812,149165271.650741
6,75000,1000,0.01,3,random,mbkmeans,0.989466422274638,152563450.963817
7,75000,1000,0.01,3,random,mbkmeans,0.988804559027116,148986523.992926
8,75000,1000,0.01,3,random,mbkmeans,0.98887265185771,150706433.217099
9,75000,1000,0.01,3,random,mbkmeans,0.990073193280054,150497937.554774
10,75000,1000,0.01,3,random,mbkmeans,0.991073691934597,153638864.680039
11,75000,1000,0.01,3,random,mbkmeans,0.988251003413652,151964052.592008
12,75000,1000,0.01,3,random,mbkmeans,0.989361152962352,150618061.972126
13,75000,1000,0.01,3,random,mbkmeans,0.989859997779756,147409919.406537
14,75000,1000,0.01,3,random,mbkmeans,0.989072676538554,153607066.762623
15,75000,1000,0.01,3,random,mbkmeans,0.989535301340751,147172990.183142
16,75000,1000,0.01,3,random,mbkmeans,0.989526582416539,149211106.656184
17,75000,1000,0.01,3,random,mbkmeans,0.989373545586376,148012905.699527
18,75000,1000,0.01,3,random,mbkmeans,0.989330089697936,152037386.511347
19,75000,1000,0.01,3,random,mbkmeans,0.990861489451679,149144508.747639
20,75000,1000,0.01,3,random,mbkmeans,0.990229186560491,147727654.006895
1,75000,1000,0.05,3,random,mbkmeans,0.989031295903028,153981053.157511
2,75000,1000,0.05,3,random,mbkmeans,0.98975840546217,151677995.260321
3,75000,1000,0.05,3,random,mbkmeans,0.988395534633484,149042044.993145
4,75000,1000,0.05,3,random,mbkmeans,0.99064409296287,150010764.773983
5,75000,1000,0.05,3,random,mbkmeans,0.989641736490362,152136446.454109
6,75000,1000,0.05,3,random,mbkmeans,0.989367431898235,150151239.433198
7,75000,1000,0.05,3,random,mbkmeans,0.98893581081924,149956883.96763
8,75000,1000,0.05,3,random,mbkmeans,0.990742211246085,149889025.101481
9,75000,1000,0.05,3,random,mbkmeans,0.989295705182473,149161101.477898
10,75000,1000,0.05,3,random,mbkmeans,0.990915736537421,152544124.833326
11,75000,1000,0.05,3,random,mbkmeans,0.989623448793675,150489737.267833
12,75000,1000,0.05,3,random,mbkmeans,0.988703304448285,157616522.016312
13,75000,1000,0.05,3,random,mbkmeans,0.990320448832193,149368088.076268
14,75000,1000,0.05,3,random,mbkmeans,0.98967730027168,152877234.667585
15,75000,1000,0.05,3,random,mbkmeans,0.988692502380796,153847366.640854
16,75000,1000,0.05,3,random,mbkmeans,0.98934670336642,150141827.87546
17,75000,1000,0.05,3,random,mbkmeans,0.989609958437098,153430439.914667
18,75000,1000,0.05,3,random,mbkmeans,0.988636235165185,153308856.034805
19,75000,1000,0.05,3,random,mbkmeans,0.98949651055905,153296765.460523
20,75000,1000,0.05,3,random,mbkmeans,0.988754700835441,153095590.666859
1,75000,1000,0.1,3,random,mbkmeans,0.988286032988156,146210603.266806
2,75000,1000,0.1,3,random,mbkmeans,0.98934645573539,146739686.110267
3,75000,1000,0.1,3,random,mbkmeans,0.991202550321936,150262853.399876
4,75000,1000,0.1,3,random,mbkmeans,0.989389105275216,144952331.679602
5,75000,1000,0.1,3,random,mbkmeans,0.989912511679081,145927457.298574
6,75000,1000,0.1,3,random,mbkmeans,0.990214704628432,149171655.608504
7,75000,1000,0.1,3,random,mbkmeans,0.989905463377351,143818969.134983
8,75000,1000,0.1,3,random,mbkmeans,0.988834577659057,149437760.991244
9,75000,1000,0.1,3,random,mbkmeans,0.989343080715388,150730008.869842
10,75000,1000,0.1,3,random,mbkmeans,0.989482186324656,152349274.415833
11,75000,1000,0.1,3,random,mbkmeans,0.990637911259211,148412512.334974
12,75000,1000,0.1,3,random,mbkmeans,0.988849472421803,147801179.026936
13,75000,1000,0.1,3,random,mbkmeans,0.988665803129809,154319945.0803
14,75000,1000,0.1,3,random,mbkmeans,0.989893541224664,153082739.653169
15,75000,1000,0.1,3,random,mbkmeans,0.987994191183364,152993591.723772
16,75000,1000,0.1,3,random,mbkmeans,0.989685716985759,151416701.047652
17,75000,1000,0.1,3,random,mbkmeans,0.989841556086899,149768777.570265
18,75000,1000,0.1,3,random,mbkmeans,0.989631718909544,147055339.797045
19,75000,1000,0.1,3,random,mbkmeans,0.989550241670823,157103870.181037
20,75000,1000,0.1,3,random,mbkmeans,0.989169336849034,153280740.033382
1,75000,1000,0.2,3,random,mbkmeans,0.989973362347684,149470119.006429
2,75000,1000,0.2,3,random,mbkmeans,0.989598145594882,150544211.430523
3,75000,1000,0.2,3,random,mbkmeans,0.990111046192077,148781583.031414
4,75000,1000,0.2,3,random,mbkmeans,0.989849657758917,154053561.336511
5,75000,1000,0.2,3,random,mbkmeans,0.988907649210036,151049079.768648
6,75000,1000,0.2,3,random,mbkmeans,0.989466695333965,149463092.604669
7,75000,1000,0.2,3,random,mbkmeans,0.989831409113155,150704334.85362
8,75000,1000,0.2,3,random,mbkmeans,0.989439526065179,150320996.096409
9,75000,1000,0.2,3,random,mbkmeans,0.990636101598257,151558520.404078
10,75000,1000,0.2,3,random,mbkmeans,0.989833901579512,147495267.229082
11,75000,1000,0.2,3,random,mbkmeans,0.988288129516747,149668152.109328
12,75000,1000,0.2,3,random,mbkmeans,0.990493198495696,147030375.52421
13,75000,1000,0.2,3,random,mbkmeans,0.989069895666694,154105335.701112
14,75000,1000,0.2,3,random,mbkmeans,0.988544819638376,149494597.749754
15,75000,1000,0.2,3,random,mbkmeans,0.98902407688806,150056916.129414
16,75000,1000,0.2,3,random,mbkmeans,0.990061925005401,147255067.289989
17,75000,1000,0.2,3,random,mbkmeans,0.989217621633401,150657505.837028
18,75000,1000,0.2,3,random,mbkmeans,0.989137573677325,151980849.374465
19,75000,1000,0.2,3,random,mbkmeans,0.988822504071438,146694627.594679
20,75000,1000,0.2,3,random,mbkmeans,0.989327375243225,152002100.582479
1,75000,1000,0.5,3,random,mbkmeans,0.988494011091901,151342300.440141
2,75000,1000,0.5,3,random,mbkmeans,0.989277354338933,148440625.113476
3,75000,1000,0.5,3,random,mbkmeans,0.989897159263571,147573366.040515
4,75000,1000,0.5,3,random,mbkmeans,0.989333085768263,153974635.068722
5,75000,1000,0.5,3,random,mbkmeans,0.990356755587863,151506333.218485
6,75000,1000,0.5,3,random,mbkmeans,0.990491618544255,151626364.697041
7,75000,1000,0.5,3,random,mbkmeans,0.989169491458869,151008913.203384
8,75000,1000,0.5,3,random,mbkmeans,0.988279175232742,146760204.407651
9,75000,1000,0.5,3,random,mbkmeans,0.989564087819532,153125080.173672
10,75000,1000,0.5,3,random,mbkmeans,0.988836798647025,150170735.27951
11,75000,1000,0.5,3,random,mbkmeans,0.989058887073175,148964577.810443
12,75000,1000,0.5,3,random,mbkmeans,0.989742580105744,146278391.987825
13,75000,1000,0.5,3,random,mbkmeans,0.989909228245439,149498785.57067
14,75000,1000,0.5,3,random,mbkmeans,0.989236113095823,150972420.576434
15,75000,1000,0.5,3,random,mbkmeans,0.989952102395931,148101770.41546
16,75000,1000,0.5,3,random,mbkmeans,0.988375013505398,150190727.330973
17,75000,1000,0.5,3,random,mbkmeans,0.98954629451743,149351521.120568
18,75000,1000,0.5,3,random,mbkmeans,0.990221815630647,147819953.054963
19,75000,1000,0.5,3,random,mbkmeans,0.989245607245528,148023751.874588
20,75000,1000,0.5,3,random,mbkmeans,0.98993374001676,150000854.740941
1,75000,1000,0.8,3,random,mbkmeans,0.988941269907764,149979074.065779
2,75000,1000,0.8,3,random,mbkmeans,0.988318705141397,150194765.427916
3,75000,1000,0.8,3,random,mbkmeans,0.990644047726946,154886188.659259
4,75000,1000,0.8,3,random,mbkmeans,0.988562322767572,148668682.259149
5,75000,1000,0.8,3,random,mbkmeans,0.989774686924573,147423843.972004
6,75000,1000,0.8,3,random,mbkmeans,0.989082892731482,147459003.462466
7,75000,1000,0.8,3,random,mbkmeans,0.989094123434354,147253807.777935
8,75000,1000,0.8,3,random,mbkmeans,0.988274372092227,145454970.823177
9,75000,1000,0.8,3,random,mbkmeans,0.989413663202009,148758976.246726
10,75000,1000,0.8,3,random,mbkmeans,0.989732622075606,150169555.390094
11,75000,1000,0.8,3,random,mbkmeans,0.990526599447343,149133028.982274
12,75000,1000,0.8,3,random,mbkmeans,0.989268772956656,146804723.730396
13,75000,1000,0.8,3,random,mbkmeans,0.989259859905348,149815423.254523
14,75000,1000,0.8,3,random,mbkmeans,0.991020622959063,149823476.72856
15,75000,1000,0.8,3,random,mbkmeans,0.988764297012089,149049219.114559
16,75000,1000,0.8,3,random,mbkmeans,0.990291728715343,150311653.017427
17,75000,1000,0.8,3,random,mbkmeans,0.990260457526547,148821694.812162
18,75000,1000,0.8,3,random,mbkmeans,0.988860195569888,147368044.246793
19,75000,1000,0.8,3,random,mbkmeans,0.989526364739526,151620152.285437
20,75000,1000,0.8,3,random,mbkmeans,0.989094917233162,150494593.232356
1,75000,1000,1,3,random,mbkmeans,0.989017572439188,150282062.845713
2,75000,1000,1,3,random,mbkmeans,0.990318642468679,146774040.236118
3,75000,1000,1,3,random,mbkmeans,0.987432600245686,154121154.254438
4,75000,1000,1,3,random,mbkmeans,0.988436719245819,150917218.775263
5,75000,1000,1,3,random,mbkmeans,0.990947773240169,149174842.650499
6,75000,1000,1,3,random,mbkmeans,0.989971922960762,148576841.671404
7,75000,1000,1,3,random,mbkmeans,0.989759969608548,152011152.178995
8,75000,1000,1,3,random,mbkmeans,0.989674800596815,153012180.730911
9,75000,1000,1,3,random,mbkmeans,0.989317701133066,152061960.698574
10,75000,1000,1,3,random,mbkmeans,0.990761160684868,152999203.273278
11,75000,1000,1,3,random,mbkmeans,0.989060755755406,149819030.300195
12,75000,1000,1,3,random,mbkmeans,0.988973274103256,150877950.84257
13,75000,1000,1,3,random,mbkmeans,0.989723326026065,149341360.909157
14,75000,1000,1,3,random,mbkmeans,0.989511398474719,150579158.253733
15,75000,1000,1,3,random,mbkmeans,0.988913660847215,151861528.427906
16,75000,1000,1,3,random,mbkmeans,0.990170319273197,151108721.265718
17,75000,1000,1,3,random,mbkmeans,0.989159654268004,153236687.100401
18,75000,1000,1,3,random,mbkmeans,0.988562614608062,148220196.643921
19,75000,1000,1,3,random,mbkmeans,0.989741289507696,147261852.722054
20,75000,1000,1,3,random,mbkmeans,0.990500891302636,152720470.318586
