"B","observations","genes","abs_batch","k","initializer","method","ARI","WCSS","iterations","fault"
1,500,1000,10,3,random,mbkmeans,1,1394805.38571453,36,NA
2,500,1000,10,3,random,mbkmeans,0.967875620231872,1317830.07742253,25,NA
3,500,1000,10,3,random,mbkmeans,0.947328937532013,1559389.15050162,23,NA
4,500,1000,10,3,random,mbkmeans,0.981125969514566,1264933.7099339,12,NA
5,500,1000,10,3,random,mbkmeans,0.994098840796571,1226722.07679308,22,NA
6,500,1000,10,3,random,mbkmeans,0.987203658324799,1238583.79413976,15,NA
7,500,1000,10,3,random,mbkmeans,1,1502477.17107289,20,NA
8,500,1000,10,3,random,mbkmeans,0.987639656996554,1403439.51592403,45,NA
9,500,1000,10,3,random,mbkmeans,0.956510025398699,1187056.55783323,21,NA
10,500,1000,10,3,random,mbkmeans,0.986255765552181,1630004.90824788,17,NA
11,500,1000,10,3,random,mbkmeans,1,1267612.91171441,14,NA
12,500,1000,10,3,random,mbkmeans,0.973989201680683,1301490.08881489,18,NA
13,500,1000,10,3,random,mbkmeans,0.994249910062748,1278985.54058237,35,NA
14,500,1000,10,3,random,mbkmeans,0.987600916821914,1073295.62758084,23,NA
15,500,1000,10,3,random,mbkmeans,0.960546563555191,1433178.70825516,18,NA
16,500,1000,10,3,random,mbkmeans,0.921580220157906,2008315.07403531,15,NA
17,500,1000,10,3,random,mbkmeans,0.967305959577417,1286177.4830791,15,NA
18,500,1000,10,3,random,mbkmeans,0.980506331095819,1208851.60266871,20,NA
19,500,1000,10,3,random,mbkmeans,0.994003768428199,1311236.77534467,12,NA
20,500,1000,10,3,random,mbkmeans,0.98928558226937,1282266.25664086,11,NA
21,500,1000,10,3,random,mbkmeans,0.993030666905304,1090651.57682855,13,NA
22,500,1000,10,3,random,mbkmeans,0.969297976318957,1278784.80156547,18,NA
23,500,1000,10,3,random,mbkmeans,0.988084069630419,1217141.00557866,19,NA
24,500,1000,10,3,random,mbkmeans,0.994036013316325,1277941.16060975,19,NA
25,500,1000,10,3,random,mbkmeans,0.973621776162812,1260318.14475272,19,NA
26,500,1000,10,3,random,mbkmeans,0.986489292007793,1603472.06161764,14,NA
27,500,1000,10,3,random,mbkmeans,0.98896262370562,1357234.76849097,20,NA
28,500,1000,10,3,random,mbkmeans,0.993150398647262,1400062.75984978,22,NA
29,500,1000,10,3,random,mbkmeans,0.993136282302476,1322195.17739255,42,NA
30,500,1000,10,3,random,mbkmeans,0.973707622416121,1513991.35596278,18,NA
31,500,1000,10,3,random,mbkmeans,0.966560794678388,1504141.81726505,33,NA
32,500,1000,10,3,random,mbkmeans,0.993073426714749,1392781.51435239,15,NA
33,500,1000,10,3,random,mbkmeans,0.958127854083968,1468831.65210292,18,NA
34,500,1000,10,3,random,mbkmeans,0.968669598969785,1223206.00288864,13,NA
35,500,1000,10,3,random,mbkmeans,0.987222952976885,1321380.68138479,61,NA
36,500,1000,10,3,random,mbkmeans,0.994191772148578,1260313.93698022,12,NA
37,500,1000,10,3,random,mbkmeans,0.966388242160204,1689596.71056771,18,NA
38,500,1000,10,3,random,mbkmeans,0.993278266806777,1175775.40167634,12,NA
39,500,1000,10,3,random,mbkmeans,0.987906582522611,1276565.40782847,19,NA
40,500,1000,10,3,random,mbkmeans,0.9812080947687,1400891.58584891,24,NA
41,500,1000,10,3,random,mbkmeans,0.987343780563519,1223772.46463424,17,NA
42,500,1000,10,3,random,mbkmeans,0.964673362242515,1475418.2499396,21,NA
43,500,1000,10,3,random,mbkmeans,0.981965294478968,1254341.59742836,13,NA
44,500,1000,10,3,random,mbkmeans,0.994103055371289,1371680.58349336,32,NA
45,500,1000,10,3,random,mbkmeans,0.977518555643659,1777722.68813716,13,NA
46,500,1000,10,3,random,mbkmeans,0.98729144252513,1340130.97843344,15,NA
47,500,1000,10,3,random,mbkmeans,0.993131259753524,1234071.49756259,18,NA
48,500,1000,10,3,random,mbkmeans,0.973580943804041,1298171.96250824,18,NA
49,500,1000,10,3,random,mbkmeans,0.96759829695974,1655644.89936569,21,NA
50,500,1000,10,3,random,mbkmeans,0.980393966947538,1240554.45475059,26,NA
1,500,1000,35,3,random,mbkmeans,0.993303452383213,1047349.32771768,20,NA
2,500,1000,35,3,random,mbkmeans,0.97506497160212,1056195.80929402,30,NA
3,500,1000,35,3,random,mbkmeans,1,1211180.41820767,29,NA
4,500,1000,35,3,random,mbkmeans,0.993232016047691,1109541.34722162,31,NA
5,500,1000,35,3,random,mbkmeans,0.967914691435551,1074990.2790366,13,NA
6,500,1000,35,3,random,mbkmeans,0.993144942664712,1023738.56649585,30,NA
7,500,1000,35,3,random,mbkmeans,0.985977289397636,1035851.77217569,15,NA
8,500,1000,35,3,random,mbkmeans,0.988668863660961,1061085.35925839,23,NA
9,500,1000,35,3,random,mbkmeans,0.975883753686274,1162678.74377687,14,NA
10,500,1000,35,3,random,mbkmeans,1,1068023.61314343,18,NA
11,500,1000,35,3,random,mbkmeans,0.993069419544437,1062135.47783691,16,NA
12,500,1000,35,3,random,mbkmeans,0.993250162909522,1057074.05644233,15,NA
13,500,1000,35,3,random,mbkmeans,0.993003408545658,1000548.12515917,13,NA
14,500,1000,35,3,random,mbkmeans,0.981376957591,1162652.42700253,22,NA
15,500,1000,35,3,random,mbkmeans,1,1017168.73031593,15,NA
16,500,1000,35,3,random,mbkmeans,0.979973084400184,1109608.43201406,11,NA
17,500,1000,35,3,random,mbkmeans,0.987340444082745,1091712.99446625,32,NA
18,500,1000,35,3,random,mbkmeans,0.996041901631507,1053661.94261896,17,NA
19,500,1000,35,3,random,mbkmeans,0.962056791574323,1172581.69480308,14,NA
20,500,1000,35,3,random,mbkmeans,1,1018487.4794887,12,NA
21,500,1000,35,3,random,mbkmeans,0.993273533876243,1070757.8068837,19,NA
22,500,1000,35,3,random,mbkmeans,0.987224789804178,1163262.00611847,23,NA
23,500,1000,35,3,random,mbkmeans,0.994090731773306,1062412.63160091,15,NA
24,500,1000,35,3,random,mbkmeans,0.980468722377526,1060885.03265391,21,NA
25,500,1000,35,3,random,mbkmeans,0.994049097040926,1079401.57612957,12,NA
26,500,1000,35,3,random,mbkmeans,0.979526371027578,1068382.38364255,25,NA
27,500,1000,35,3,random,mbkmeans,0.988465848984445,1037778.8393135,16,NA
28,500,1000,35,3,random,mbkmeans,1,1077153.75243492,21,NA
29,500,1000,35,3,random,mbkmeans,0.994078983317073,1078403.65558711,12,NA
30,500,1000,35,3,random,mbkmeans,0.973046462182737,1063643.44698924,13,NA
31,500,1000,35,3,random,mbkmeans,0.987271919109755,1081763.9369478,16,NA
32,500,1000,35,3,random,mbkmeans,0.994040669473322,1129851.97489737,14,NA
33,500,1000,35,3,random,mbkmeans,0.98684630483762,1104596.32726908,15,NA
34,500,1000,35,3,random,mbkmeans,0.986139794203918,1048479.15240977,13,NA
35,500,1000,35,3,random,mbkmeans,0.994044246837025,1029653.18345677,16,NA
36,500,1000,35,3,random,mbkmeans,0.994200677577491,1155825.23337868,21,NA
37,500,1000,35,3,random,mbkmeans,0.993156150589366,1055558.63086161,11,NA
38,500,1000,35,3,random,mbkmeans,1,1022372.04302343,14,NA
39,500,1000,35,3,random,mbkmeans,1,1109306.41900614,25,NA
40,500,1000,35,3,random,mbkmeans,1,1030291.37661553,17,NA
41,500,1000,35,3,random,mbkmeans,0.987247592130643,1075357.65080036,18,NA
42,500,1000,35,3,random,mbkmeans,0.966800463623517,1181000.18244384,15,NA
43,500,1000,35,3,random,mbkmeans,0.993354021344794,1114448.68338507,24,NA
44,500,1000,35,3,random,mbkmeans,0.987214349026028,1066890.53200372,20,NA
45,500,1000,35,3,random,mbkmeans,0.981260776397701,1064803.49527735,21,NA
46,500,1000,35,3,random,mbkmeans,0.989236306405425,970986.252331032,13,NA
47,500,1000,35,3,random,mbkmeans,0.977434519459889,1080457.88565398,16,NA
48,500,1000,35,3,random,mbkmeans,0.973839559511035,1079737.25344118,25,NA
49,500,1000,35,3,random,mbkmeans,0.987306850625692,1073940.1605771,12,NA
50,500,1000,35,3,random,mbkmeans,1,1121373.14549252,15,NA
1,500,1000,75,3,random,mbkmeans,0.973850454013381,1118748.43350947,26,NA
2,500,1000,75,3,random,mbkmeans,1,1012604.83399089,17,NA
3,500,1000,75,3,random,mbkmeans,0.979483649840528,1030106.45448879,14,NA
4,500,1000,75,3,random,mbkmeans,1,1012458.20017707,14,NA
5,500,1000,75,3,random,mbkmeans,0.979954524447059,1124549.98759966,27,NA
6,500,1000,75,3,random,mbkmeans,0.993246838905026,1034656.48522172,17,NA
7,500,1000,75,3,random,mbkmeans,0.973660311339258,1055037.4806598,13,NA
8,500,1000,75,3,random,mbkmeans,0.987287754641968,1015369.76237069,12,NA
9,500,1000,75,3,random,mbkmeans,0.962643247355394,1086926.37765787,29,NA
10,500,1000,75,3,random,mbkmeans,0.993140079613608,1059155.21045885,18,NA
11,500,1000,75,3,random,mbkmeans,1,958611.401484139,37,NA
12,500,1000,75,3,random,mbkmeans,1,969663.117996176,20,NA
13,500,1000,75,3,random,mbkmeans,1,1050120.53139623,37,NA
14,500,1000,75,3,random,mbkmeans,0.993739967791466,961778.714656793,22,NA
15,500,1000,75,3,random,mbkmeans,0.993440244805143,1031645.05835171,22,NA
16,500,1000,75,3,random,mbkmeans,1,954950.114686789,19,NA
17,500,1000,75,3,random,mbkmeans,0.994296135588833,1045445.65211664,16,NA
18,500,1000,75,3,random,mbkmeans,0.993000367739386,1096922.57299276,16,NA
19,500,1000,75,3,random,mbkmeans,0.993099159006838,1119518.81135095,17,NA
20,500,1000,75,3,random,mbkmeans,1,1056365.68377551,25,NA
21,500,1000,75,3,random,mbkmeans,0.98208733236068,1065629.32839313,16,NA
22,500,1000,75,3,random,mbkmeans,0.973968020006016,1050111.95938156,29,NA
23,500,1000,75,3,random,mbkmeans,0.987147163755602,1016988.6504093,12,NA
24,500,1000,75,3,random,mbkmeans,0.994243885384686,1029026.65264381,15,NA
25,500,1000,75,3,random,mbkmeans,0.993185279495509,948133.029311288,15,NA
26,500,1000,75,3,random,mbkmeans,1,1066227.36561962,17,NA
27,500,1000,75,3,random,mbkmeans,0.987197533143173,1043280.29650195,31,NA
28,500,1000,75,3,random,mbkmeans,0.987210795463258,1043066.04985592,29,NA
29,500,1000,75,3,random,mbkmeans,1,1082754.7344979,21,NA
30,500,1000,75,3,random,mbkmeans,0.986349182312709,1057245.1722693,12,NA
31,500,1000,75,3,random,mbkmeans,1,1008127.14557056,38,NA
32,500,1000,75,3,random,mbkmeans,0.987250859223465,1040577.95402052,25,NA
33,500,1000,75,3,random,mbkmeans,0.980656383780495,1011286.82320335,13,NA
34,500,1000,75,3,random,mbkmeans,0.993108792123361,1014620.63174597,12,NA
35,500,1000,75,3,random,mbkmeans,0.987192230035648,1085113.08248058,16,NA
36,500,1000,75,3,random,mbkmeans,0.973010712895844,1030151.41766736,15,NA
37,500,1000,75,3,random,mbkmeans,0.993942443229339,982162.536111583,17,NA
38,500,1000,75,3,random,mbkmeans,1,1020586.57516513,29,NA
39,500,1000,75,3,random,mbkmeans,1,1076253.56250569,17,NA
40,500,1000,75,3,random,mbkmeans,0.960049907952107,1071273.39892052,25,NA
41,500,1000,75,3,random,mbkmeans,1,1001133.49076771,17,NA
42,500,1000,75,3,random,mbkmeans,1,1046728.04709657,17,NA
43,500,1000,75,3,random,mbkmeans,1,1092824.13399669,11,NA
44,500,1000,75,3,random,mbkmeans,0.987347372821725,1090698.48100637,18,NA
45,500,1000,75,3,random,mbkmeans,0.986624040779183,1059593.02647144,22,NA
46,500,1000,75,3,random,mbkmeans,0.986429754720848,1045314.71622075,20,NA
47,500,1000,75,3,random,mbkmeans,0.987937212529343,1000988.13164996,13,NA
48,500,1000,75,3,random,mbkmeans,0.99432792052026,1095746.91603921,16,NA
49,500,1000,75,3,random,mbkmeans,0.988607385032876,978775.899963917,12,NA
50,500,1000,75,3,random,mbkmeans,0.987265595053872,985829.213312689,14,NA
1,500,1000,150,3,random,mbkmeans,0.986300561093904,1006619.68765493,27,NA
2,500,1000,150,3,random,mbkmeans,0.988090167293655,967507.073764155,15,NA
3,500,1000,150,3,random,mbkmeans,0.98816472397828,990713.838708202,27,NA
4,500,1000,150,3,random,mbkmeans,0.993073474164364,1129853.42257482,19,NA
5,500,1000,150,3,random,mbkmeans,1,962982.094433295,19,NA
6,500,1000,150,3,random,mbkmeans,0.987389054476099,997437.162802653,22,NA
7,500,1000,150,3,random,mbkmeans,0.980494085805884,1008944.11630069,16,NA
8,500,1000,150,3,random,mbkmeans,0.973588806668935,1006278.1653767,23,NA
9,500,1000,150,3,random,mbkmeans,0.993812906897983,954537.897890775,17,NA
10,500,1000,150,3,random,mbkmeans,0.993141884703775,978270.732849432,12,NA
11,500,1000,150,3,random,mbkmeans,0.993435606211535,948210.015794749,15,NA
12,500,1000,150,3,random,mbkmeans,0.986340133559426,931862.981905231,13,NA
13,500,1000,150,3,random,mbkmeans,0.994199097466709,986301.579013146,21,NA
14,500,1000,150,3,random,mbkmeans,0.993211664417659,1062587.64011276,30,NA
15,500,1000,150,3,random,mbkmeans,0.99324220981837,968393.515831688,14,NA
16,500,1000,150,3,random,mbkmeans,1,1060833.75279394,12,NA
17,500,1000,150,3,random,mbkmeans,0.993194960542478,1048638.64574823,12,NA
18,500,1000,150,3,random,mbkmeans,0.986481361787173,1007480.75562394,17,NA
19,500,1000,150,3,random,mbkmeans,0.993258506485913,1019001.64124467,11,NA
20,500,1000,150,3,random,mbkmeans,1,1029121.7322697,29,NA
21,500,1000,150,3,random,mbkmeans,0.986533940692284,992293.418851043,36,NA
22,500,1000,150,3,random,mbkmeans,0.994050203132863,936362.811645054,31,NA
23,500,1000,150,3,random,mbkmeans,1,1014399.96596613,16,NA
24,500,1000,150,3,random,mbkmeans,0.994142973297005,1093952.08734582,23,NA
25,500,1000,150,3,random,mbkmeans,1,975356.789152291,23,NA
26,500,1000,150,3,random,mbkmeans,1,1008249.5738106,27,NA
27,500,1000,150,3,random,mbkmeans,0.966506484523632,997567.266038147,27,NA
28,500,1000,150,3,random,mbkmeans,0.987232962863431,1036138.91371704,13,NA
29,500,1000,150,3,random,mbkmeans,0.981336883104415,1029767.58123665,30,NA
30,500,1000,150,3,random,mbkmeans,0.982472408701234,1068988.02116537,15,NA
31,500,1000,150,3,random,mbkmeans,0.973916209196841,994444.678146312,23,NA
32,500,1000,150,3,random,mbkmeans,1,960520.526879189,28,NA
33,500,1000,150,3,random,mbkmeans,1,988566.726290239,22,NA
34,500,1000,150,3,random,mbkmeans,0.980541312723462,1002028.2566227,12,NA
35,500,1000,150,3,random,mbkmeans,1,973310.483595283,27,NA
36,500,1000,150,3,random,mbkmeans,0.955318613280161,1062423.77995065,23,NA
37,500,1000,150,3,random,mbkmeans,0.980392340914942,1006789.01097155,38,NA
38,500,1000,150,3,random,mbkmeans,0.980641437039692,983265.811709685,28,NA
39,500,1000,150,3,random,mbkmeans,1,1051157.56241729,24,NA
40,500,1000,150,3,random,mbkmeans,1,984557.824869416,31,NA
41,500,1000,150,3,random,mbkmeans,0.993866995134555,962879.217441957,12,NA
42,500,1000,150,3,random,mbkmeans,0.993215899426786,1000302.89032399,17,NA
43,500,1000,150,3,random,mbkmeans,0.994062901132817,1037036.5795557,17,NA
44,500,1000,150,3,random,mbkmeans,0.986438054355609,980619.388763427,11,NA
45,500,1000,150,3,random,mbkmeans,0.987230495740149,1026326.63990214,28,NA
46,500,1000,150,3,random,mbkmeans,0.981876593376625,1010768.68033444,19,NA
47,500,1000,150,3,random,mbkmeans,0.987276831409111,985069.185705052,13,NA
48,500,1000,150,3,random,mbkmeans,0.99401584711956,996365.189048957,21,NA
49,500,1000,150,3,random,mbkmeans,0.993175248900476,945742.917707219,18,NA
50,500,1000,150,3,random,mbkmeans,0.973468346369144,1100526.98625044,15,NA
1,500,1000,500,3,random,mbkmeans,0.981321583137344,1038530.34260797,5,NA
2,500,1000,500,3,random,mbkmeans,0.987377338488999,1007092.93469202,3,NA
3,500,1000,500,3,random,mbkmeans,1,984009.428029507,3,NA
4,500,1000,500,3,random,mbkmeans,1,1000880.44095337,3,NA
5,500,1000,500,3,random,mbkmeans,0.987330443035267,1004879.6532979,4,NA
6,500,1000,500,3,random,mbkmeans,1,947835.490385246,4,NA
7,500,1000,500,3,random,mbkmeans,0.993283155748081,973549.187987756,3,NA
8,500,1000,500,3,random,mbkmeans,1,988201.19555322,4,NA
9,500,1000,500,3,random,mbkmeans,0.986722999670077,1049010.80077074,4,NA
10,500,1000,500,3,random,mbkmeans,0.988109218733459,1082604.27563959,4,NA
11,500,1000,500,3,random,mbkmeans,1,1030435.92456448,3,NA
12,500,1000,500,3,random,mbkmeans,0.993169634468106,1007131.05536161,4,NA
13,500,1000,500,3,random,mbkmeans,0.995482901815809,1018006.0192288,4,NA
14,500,1000,500,3,random,mbkmeans,0.980536800518581,962260.202713038,3,NA
15,500,1000,500,3,random,mbkmeans,0.994212117753632,1024836.82122914,3,NA
16,500,1000,500,3,random,mbkmeans,1,961337.408766353,5,NA
17,500,1000,500,3,random,mbkmeans,0.979401483496147,979826.3440708,3,NA
18,500,1000,500,3,random,mbkmeans,0.993314247362061,1033876.91412183,3,NA
19,500,1000,500,3,random,mbkmeans,0.986291418215934,952779.838364938,3,NA
20,500,1000,500,3,random,mbkmeans,0.980623168947884,981460.4464496,4,NA
21,500,1000,500,3,random,mbkmeans,0.986699933423917,1070091.5793169,3,NA
22,500,1000,500,3,random,mbkmeans,1,986535.212538162,4,NA
23,500,1000,500,3,random,mbkmeans,0.967313254631142,1005402.59992844,5,NA
24,500,1000,500,3,random,mbkmeans,0.982726580814775,967188.096750877,3,NA
25,500,1000,500,3,random,mbkmeans,0.99323358506007,918086.61028346,2,NA
26,500,1000,500,3,random,mbkmeans,0.97934528823315,1018285.97009925,4,NA
27,500,1000,500,3,random,mbkmeans,1,945789.527831982,4,NA
28,500,1000,500,3,random,mbkmeans,0.980107305195608,894984.138508231,4,NA
29,500,1000,500,3,random,mbkmeans,0.980243237322805,1085081.51214675,5,NA
30,500,1000,500,3,random,mbkmeans,0.99299954228263,975950.783848373,3,NA
31,500,1000,500,3,random,mbkmeans,1,1025147.27821475,3,NA
32,500,1000,500,3,random,mbkmeans,0.987359870617191,1065665.28344721,4,NA
33,500,1000,500,3,random,mbkmeans,0.993667483520533,957919.903757523,4,NA
34,500,1000,500,3,random,mbkmeans,0.99410545024067,930460.493426103,5,NA
35,500,1000,500,3,random,mbkmeans,0.994080808371236,1095719.49318425,4,NA
36,500,1000,500,3,random,mbkmeans,0.987273482439718,969708.138919614,4,NA
37,500,1000,500,3,random,mbkmeans,0.993078659271249,1002458.87205192,4,NA
38,500,1000,500,3,random,mbkmeans,0.987425138601919,1043300.15212618,4,NA
39,500,1000,500,3,random,mbkmeans,0.979786411922489,942908.028916983,4,NA
40,500,1000,500,3,random,mbkmeans,0.980564427714705,944243.695177899,5,NA
41,500,1000,500,3,random,mbkmeans,0.980520179726461,1012420.10477693,6,NA
42,500,1000,500,3,random,mbkmeans,0.969517069355397,1067913.22417548,3,NA
43,500,1000,500,3,random,mbkmeans,0.987228611941687,986064.932345745,4,NA
44,500,1000,500,3,random,mbkmeans,0.980520567860798,1029427.5964698,4,NA
45,500,1000,500,3,random,mbkmeans,0.992998948040018,1014086.03540701,3,NA
46,500,1000,500,3,random,mbkmeans,0.993874766235681,996831.911231264,2,NA
47,500,1000,500,3,random,mbkmeans,0.987381119043342,1035573.64024563,3,NA
48,500,1000,500,3,random,mbkmeans,0.980442989095981,1000772.54626432,4,NA
49,500,1000,500,3,random,mbkmeans,1,1036695.4196636,5,NA
50,500,1000,500,3,random,mbkmeans,1,998115.54222218,3,NA
1,2000,1000,10,3,random,mbkmeans,0.988904387633889,5290998.97841332,22,NA
2,2000,1000,10,3,random,mbkmeans,0.968907209779387,5974184.26233193,16,NA
3,2000,1000,10,3,random,mbkmeans,0.97753849405657,4679812.57655389,28,NA
4,2000,1000,10,3,random,mbkmeans,0.961429221136513,5529152.51688076,18,NA
5,2000,1000,10,3,random,mbkmeans,0.975892824084685,4901390.69789685,23,NA
6,2000,1000,10,3,random,mbkmeans,0.984962756192274,5364586.29079614,24,NA
7,2000,1000,10,3,random,mbkmeans,0.990436420828474,4713628.45845872,24,NA
8,2000,1000,10,3,random,mbkmeans,0.992440836272946,5407256.0415166,24,NA
9,2000,1000,10,3,random,mbkmeans,0.988529189464513,4865990.35736248,15,NA
10,2000,1000,10,3,random,mbkmeans,0.995338612147573,5363540.83765414,20,NA
11,2000,1000,10,3,random,mbkmeans,0.981676788747529,5363062.94322177,24,NA
12,2000,1000,10,3,random,mbkmeans,0.972087108528401,5927532.83077731,14,NA
13,2000,1000,10,3,random,mbkmeans,0.992218030488018,5145871.97181847,15,NA
14,2000,1000,10,3,random,mbkmeans,0.981221712041489,5118659.50077089,14,NA
15,2000,1000,10,3,random,mbkmeans,0.973316411292379,5623671.32359358,22,NA
16,2000,1000,10,3,random,mbkmeans,0.976489083482866,5870184.32157339,21,NA
17,2000,1000,10,3,random,mbkmeans,0.991697135590971,5327625.96316831,14,NA
18,2000,1000,10,3,random,mbkmeans,0.974865920433449,5011236.93054537,18,NA
19,2000,1000,10,3,random,mbkmeans,0.989940897068578,5057732.3852496,29,NA
20,2000,1000,10,3,random,mbkmeans,0.99214350651508,5619109.68252726,24,NA
21,2000,1000,10,3,random,mbkmeans,0.987472110152657,4848436.72539931,20,NA
22,2000,1000,10,3,random,mbkmeans,0.969724186049941,5429784.54424771,36,NA
23,2000,1000,10,3,random,mbkmeans,0.993015686256858,5360119.99429743,17,NA
24,2000,1000,10,3,random,mbkmeans,0.965582140842524,5616035.8562277,14,NA
25,2000,1000,10,3,random,mbkmeans,0.992510550467935,5910992.47205576,16,NA
26,2000,1000,10,3,random,mbkmeans,0.972662408849293,4936094.98294583,16,NA
27,2000,1000,10,3,random,mbkmeans,0.967144196618451,7483887.6202116,28,NA
28,2000,1000,10,3,random,mbkmeans,0.946849900637827,6137630.04164856,29,NA
29,2000,1000,10,3,random,mbkmeans,0.971082359211952,5571508.00015622,21,NA
30,2000,1000,10,3,random,mbkmeans,0.982972457308296,5127882.99571269,31,NA
31,2000,1000,10,3,random,mbkmeans,0.981668013736111,5419495.44307975,12,NA
32,2000,1000,10,3,random,mbkmeans,0.987708162961574,4977505.32840382,11,NA
33,2000,1000,10,3,random,mbkmeans,0.982421160756875,5240952.96037964,20,NA
34,2000,1000,10,3,random,mbkmeans,0.983695809215329,5274640.89722315,12,NA
35,2000,1000,10,3,random,mbkmeans,0.979700440305569,6482233.67018972,19,NA
36,2000,1000,10,3,random,mbkmeans,0.964690060518126,5694989.22113608,28,NA
37,2000,1000,10,3,random,mbkmeans,0.983054995099679,4669579.89541701,20,NA
38,2000,1000,10,3,random,mbkmeans,0.979080561136264,5126057.44998164,15,NA
39,2000,1000,10,3,random,mbkmeans,0.988754573012974,5003075.18459042,11,NA
40,2000,1000,10,3,random,mbkmeans,0.971584308915869,5642425.57313723,23,NA
41,2000,1000,10,3,random,mbkmeans,0.958983502156178,5496302.87276748,21,NA
42,2000,1000,10,3,random,mbkmeans,0.986007109561338,5043504.46843881,20,NA
43,2000,1000,10,3,random,mbkmeans,0.946461733461322,6607513.92345511,18,NA
44,2000,1000,10,3,random,mbkmeans,0.972399103001519,5933875.17485814,28,NA
45,2000,1000,10,3,random,mbkmeans,0.938113400023985,6292040.08945832,28,NA
46,2000,1000,10,3,random,mbkmeans,0.986035443175129,5169833.25302764,13,NA
47,2000,1000,10,3,random,mbkmeans,0.993803604753484,4914010.69857478,17,NA
48,2000,1000,10,3,random,mbkmeans,0.97289795168255,5252645.7121983,13,NA
49,2000,1000,10,3,random,mbkmeans,0.983128100744263,6711903.14061226,18,NA
50,2000,1000,10,3,random,mbkmeans,0.995353643532936,6665391.81267961,20,NA
1,2000,1000,35,3,random,mbkmeans,0.990236145483391,4288481.46160816,17,NA
2,2000,1000,35,3,random,mbkmeans,0.975580057299769,4626679.11407087,20,NA
3,2000,1000,35,3,random,mbkmeans,0.985995737575401,5186513.92865671,19,NA
4,2000,1000,35,3,random,mbkmeans,0.992171399234365,4311762.62662626,34,NA
5,2000,1000,35,3,random,mbkmeans,0.983397366749551,4395327.96804164,12,NA
6,2000,1000,35,3,random,mbkmeans,0.997072389578931,4535313.36436827,20,NA
7,2000,1000,35,3,random,mbkmeans,0.994231402054516,4216514.5501403,15,NA
8,2000,1000,35,3,random,mbkmeans,0.988565047255144,4427483.03887995,24,NA
9,2000,1000,35,3,random,mbkmeans,0.991940396771542,4374394.61326617,14,NA
10,2000,1000,35,3,random,mbkmeans,0.984130626446249,4304487.02711336,17,NA
11,2000,1000,35,3,random,mbkmeans,0.987300165484153,4548565.03141925,24,NA
12,2000,1000,35,3,random,mbkmeans,0.992153095417235,4523172.53310307,24,NA
13,2000,1000,35,3,random,mbkmeans,0.965720489046777,5328465.45529029,18,NA
14,2000,1000,35,3,random,mbkmeans,0.985976501093939,4178288.42620708,12,NA
15,2000,1000,35,3,random,mbkmeans,0.987504267581291,4390474.04666062,24,NA
16,2000,1000,35,3,random,mbkmeans,0.988752726271693,4265416.38999631,15,NA
17,2000,1000,35,3,random,mbkmeans,0.981985881258269,4384542.89371473,12,NA
18,2000,1000,35,3,random,mbkmeans,0.983161628199154,4455953.50434507,11,NA
19,2000,1000,35,3,random,mbkmeans,0.990072055271021,4335395.95669417,17,NA
20,2000,1000,35,3,random,mbkmeans,0.989446917667233,4765250.69117161,29,NA
21,2000,1000,35,3,random,mbkmeans,0.984918069903252,4389246.21616512,18,NA
22,2000,1000,35,3,random,mbkmeans,0.981780507533525,4389067.094887,14,NA
23,2000,1000,35,3,random,mbkmeans,0.991935455548047,4217282.44529837,21,NA
24,2000,1000,35,3,random,mbkmeans,0.985579891666017,4346538.71666037,16,NA
25,2000,1000,35,3,random,mbkmeans,0.991125500095378,4597924.01828253,20,NA
26,2000,1000,35,3,random,mbkmeans,0.985381430470332,4254669.95201615,23,NA
27,2000,1000,35,3,random,mbkmeans,0.987322497950102,4445042.31986203,17,NA
28,2000,1000,35,3,random,mbkmeans,0.993404360511074,4146279.71002592,32,NA
29,2000,1000,35,3,random,mbkmeans,0.995136790788517,4168498.75956078,18,NA
30,2000,1000,35,3,random,mbkmeans,0.98895468313972,4356064.15384927,23,NA
31,2000,1000,35,3,random,mbkmeans,0.988787290771418,4366447.33558947,25,NA
32,2000,1000,35,3,random,mbkmeans,0.991708893048834,4249475.85102119,34,NA
33,2000,1000,35,3,random,mbkmeans,0.989438349318932,4401004.4535246,23,NA
34,2000,1000,35,3,random,mbkmeans,0.994932841296968,4249489.00141518,19,NA
35,2000,1000,35,3,random,mbkmeans,0.98852513346864,4290657.72345537,14,NA
36,2000,1000,35,3,random,mbkmeans,0.993421297163899,4554847.0207215,30,NA
37,2000,1000,35,3,random,mbkmeans,0.990225820084448,4543953.19493972,16,NA
38,2000,1000,35,3,random,mbkmeans,0.990083410609433,4580102.91245419,22,NA
39,2000,1000,35,3,random,mbkmeans,0.982630649988666,4335281.04186418,19,NA
40,2000,1000,35,3,random,mbkmeans,0.994950965254852,4485792.47208443,20,NA
41,2000,1000,35,3,random,mbkmeans,0.980534107129282,4579366.88408101,18,NA
42,2000,1000,35,3,random,mbkmeans,0.976103662271081,4580935.48916705,20,NA
43,2000,1000,35,3,random,mbkmeans,0.99195224704763,4366852.94319084,11,NA
44,2000,1000,35,3,random,mbkmeans,0.987304639083599,4144613.20967603,21,NA
45,2000,1000,35,3,random,mbkmeans,0.993625758669726,4411399.01737257,15,NA
46,2000,1000,35,3,random,mbkmeans,0.995134997869681,4271744.0333826,17,NA
47,2000,1000,35,3,random,mbkmeans,0.989355938653576,4321427.93228871,17,NA
48,2000,1000,35,3,random,mbkmeans,0.987100775246948,5111433.46185417,18,NA
49,2000,1000,35,3,random,mbkmeans,0.982439293945046,4502848.13483633,18,NA
50,2000,1000,35,3,random,mbkmeans,0.988540731091177,4360802.35121535,14,NA
1,2000,1000,75,3,random,mbkmeans,0.982606442467706,4273120.45424025,12,NA
2,2000,1000,75,3,random,mbkmeans,0.981953608232273,4394916.51357353,17,NA
3,2000,1000,75,3,random,mbkmeans,0.98749609415269,4302899.54958932,13,NA
4,2000,1000,75,3,random,mbkmeans,0.995320100000313,4033665.28819693,19,NA
5,2000,1000,75,3,random,mbkmeans,0.979294636592665,4587993.21152519,16,NA
6,2000,1000,75,3,random,mbkmeans,0.989413715415941,4117812.14767527,23,NA
7,2000,1000,75,3,random,mbkmeans,0.993244829414364,4174513.13575361,18,NA
8,2000,1000,75,3,random,mbkmeans,0.987047748114476,4115422.32137026,12,NA
9,2000,1000,75,3,random,mbkmeans,0.993425575945365,4255119.5912328,12,NA
10,2000,1000,75,3,random,mbkmeans,0.98565978610555,4242245.48737859,14,NA
11,2000,1000,75,3,random,mbkmeans,0.987288258751889,4025513.02107369,17,NA
12,2000,1000,75,3,random,mbkmeans,0.984994765410202,4220740.38009332,39,NA
13,2000,1000,75,3,random,mbkmeans,0.990669363665249,4244893.12875818,12,NA
14,2000,1000,75,3,random,mbkmeans,0.988372515626548,4311724.25781995,38,NA
15,2000,1000,75,3,random,mbkmeans,0.987705369821939,4203792.25793088,19,NA
16,2000,1000,75,3,random,mbkmeans,0.988915577232514,4308911.56529275,13,NA
17,2000,1000,75,3,random,mbkmeans,0.99365441929424,4201660.14480455,23,NA
18,2000,1000,75,3,random,mbkmeans,0.993619351427701,4051117.26529238,13,NA
19,2000,1000,75,3,random,mbkmeans,0.991185064633523,3970610.51897475,26,NA
20,2000,1000,75,3,random,mbkmeans,0.993636336843466,4169143.78564348,15,NA
21,2000,1000,75,3,random,mbkmeans,0.995111313395984,3843942.59688873,27,NA
22,2000,1000,75,3,random,mbkmeans,0.992551899737468,4165973.28048798,13,NA
23,2000,1000,75,3,random,mbkmeans,0.983270858849099,4217938.51068447,12,NA
24,2000,1000,75,3,random,mbkmeans,0.988573817493035,4285481.50850221,17,NA
25,2000,1000,75,3,random,mbkmeans,0.988533586809249,4305242.60239161,13,NA
26,2000,1000,75,3,random,mbkmeans,0.991627208408149,4137945.01113216,18,NA
27,2000,1000,75,3,random,mbkmeans,0.987056660885849,4172898.90502109,25,NA
28,2000,1000,75,3,random,mbkmeans,0.980797231198658,4179715.37691054,34,NA
29,2000,1000,75,3,random,mbkmeans,0.985566353286797,4172710.03860564,14,NA
30,2000,1000,75,3,random,mbkmeans,0.989953693667254,4184619.2217942,21,NA
31,2000,1000,75,3,random,mbkmeans,0.972989596778577,4249992.49686606,12,NA
32,2000,1000,75,3,random,mbkmeans,0.994259604757475,4139788.39572947,18,NA
33,2000,1000,75,3,random,mbkmeans,0.987513624953777,4261042.70793556,39,NA
34,2000,1000,75,3,random,mbkmeans,0.985839182696722,4303744.86378345,41,NA
35,2000,1000,75,3,random,mbkmeans,0.992399123551096,4054494.8408011,20,NA
36,2000,1000,75,3,random,mbkmeans,0.984553897026519,4290490.37811737,19,NA
37,2000,1000,75,3,random,mbkmeans,0.98879992819901,4086829.55593256,17,NA
38,2000,1000,75,3,random,mbkmeans,0.989157185949633,4250064.0113191,17,NA
39,2000,1000,75,3,random,mbkmeans,0.992345239230132,3965322.52875114,27,NA
40,2000,1000,75,3,random,mbkmeans,0.990459827781149,4228546.66072532,26,NA
41,2000,1000,75,3,random,mbkmeans,0.988780819690542,4241021.28512383,18,NA
42,2000,1000,75,3,random,mbkmeans,0.984790790458246,4227823.90436787,15,NA
43,2000,1000,75,3,random,mbkmeans,0.993445650951034,4305292.58770215,16,NA
44,2000,1000,75,3,random,mbkmeans,0.990246414807687,4108833.81708858,22,NA
45,2000,1000,75,3,random,mbkmeans,0.991726416126373,4124582.59656189,20,NA
46,2000,1000,75,3,random,mbkmeans,0.979751944123352,4144992.66711804,18,NA
47,2000,1000,75,3,random,mbkmeans,0.992117456761098,4052491.78024861,13,NA
48,2000,1000,75,3,random,mbkmeans,0.992158599305937,4332856.14177268,11,NA
49,2000,1000,75,3,random,mbkmeans,0.986000722411707,4328483.93652511,17,NA
50,2000,1000,75,3,random,mbkmeans,0.988754665154581,4104469.7965403,20,NA
1,2000,1000,150,3,random,mbkmeans,0.991783163956612,4159785.78319157,15,NA
2,2000,1000,150,3,random,mbkmeans,0.984686495320769,3968277.99366844,12,NA
3,2000,1000,150,3,random,mbkmeans,0.991775152528745,3910318.72143398,13,NA
4,2000,1000,150,3,random,mbkmeans,0.996807735890055,3910151.50743762,25,NA
5,2000,1000,150,3,random,mbkmeans,0.986651380488767,4172872.74938785,25,NA
6,2000,1000,150,3,random,mbkmeans,0.990232169620054,4079643.18404063,17,NA
7,2000,1000,150,3,random,mbkmeans,0.983697792021003,4076513.96742265,15,NA
8,2000,1000,150,3,random,mbkmeans,0.990028603629748,3790626.91371329,12,NA
9,2000,1000,150,3,random,mbkmeans,0.988356091720857,3971431.17660323,13,NA
10,2000,1000,150,3,random,mbkmeans,0.993619859143684,4056083.36567168,29,NA
11,2000,1000,150,3,random,mbkmeans,0.996605022956148,3985514.78929519,12,NA
12,2000,1000,150,3,random,mbkmeans,0.991929709294595,4113373.32731808,22,NA
13,2000,1000,150,3,random,mbkmeans,0.996815483680224,4041196.35857854,13,NA
14,2000,1000,150,3,random,mbkmeans,0.991737789266793,4027430.57807705,20,NA
15,2000,1000,150,3,random,mbkmeans,0.989749406938074,3897302.0033177,14,NA
16,2000,1000,150,3,random,mbkmeans,0.990448660400799,4045200.08654229,22,NA
17,2000,1000,150,3,random,mbkmeans,0.993429996878752,4136108.84908324,12,NA
18,2000,1000,150,3,random,mbkmeans,0.990446089786676,3929277.76026859,17,NA
19,2000,1000,150,3,random,mbkmeans,0.993643702637717,4061410.92506018,32,NA
20,2000,1000,150,3,random,mbkmeans,0.985854089239431,4097306.85307372,25,NA
21,2000,1000,150,3,random,mbkmeans,0.991945839609175,3955940.56720042,27,NA
22,2000,1000,150,3,random,mbkmeans,0.985955522663527,3998079.20789828,28,NA
23,2000,1000,150,3,random,mbkmeans,0.987277864913187,4117897.95188669,32,NA
24,2000,1000,150,3,random,mbkmeans,0.98961342346188,4167490.49704004,14,NA
25,2000,1000,150,3,random,mbkmeans,0.99025837074539,4019147.91627254,34,NA
26,2000,1000,150,3,random,mbkmeans,0.990249284818001,3999225.58964379,29,NA
27,2000,1000,150,3,random,mbkmeans,0.996633338197458,3903237.07586554,12,NA
28,2000,1000,150,3,random,mbkmeans,0.998527290350468,4115184.25638614,13,NA
29,2000,1000,150,3,random,mbkmeans,0.993837693732094,3999936.7481023,24,NA
30,2000,1000,150,3,random,mbkmeans,0.985648524890807,4076725.58488714,16,NA
31,2000,1000,150,3,random,mbkmeans,0.988632194291862,4059331.81171532,16,NA
32,2000,1000,150,3,random,mbkmeans,0.994968604812789,4188651.70685588,20,NA
33,2000,1000,150,3,random,mbkmeans,0.992159210967214,4166597.36686646,17,NA
34,2000,1000,150,3,random,mbkmeans,0.987260844864604,4124011.35772943,13,NA
35,2000,1000,150,3,random,mbkmeans,0.985154783432278,3995645.60655067,25,NA
36,2000,1000,150,3,random,mbkmeans,0.991063792057951,4357890.54913876,14,NA
37,2000,1000,150,3,random,mbkmeans,0.992308978326815,4011347.83423063,28,NA
38,2000,1000,150,3,random,mbkmeans,0.988997791251274,4150750.00732851,16,NA
39,2000,1000,150,3,random,mbkmeans,0.990477790155106,4244915.93395132,24,NA
40,2000,1000,150,3,random,mbkmeans,0.991343003737389,4017095.8921278,28,NA
41,2000,1000,150,3,random,mbkmeans,0.982453150548048,4176370.91913223,26,NA
42,2000,1000,150,3,random,mbkmeans,0.990460525492219,4113804.07160583,26,NA
43,2000,1000,150,3,random,mbkmeans,0.985279693618943,4103963.51237177,18,NA
44,2000,1000,150,3,random,mbkmeans,0.994005832466086,3950922.19805108,16,NA
45,2000,1000,150,3,random,mbkmeans,0.985065180877375,3988772.19250579,11,NA
46,2000,1000,150,3,random,mbkmeans,0.990874369075485,4167542.98780513,39,NA
47,2000,1000,150,3,random,mbkmeans,0.98731590212883,4096223.61458793,21,NA
48,2000,1000,150,3,random,mbkmeans,0.986276899654544,3970351.18354755,18,NA
49,2000,1000,150,3,random,mbkmeans,0.990664711582123,4077158.9348499,12,NA
50,2000,1000,150,3,random,mbkmeans,0.991717001158718,4071039.67774248,22,NA
1,2000,1000,500,3,random,mbkmeans,0.991737590878236,4140720.3248771,11,NA
2,2000,1000,500,3,random,mbkmeans,0.993868606217416,4186549.15034985,20,NA
3,2000,1000,500,3,random,mbkmeans,0.984956440686053,3936884.27821053,30,NA
4,2000,1000,500,3,random,mbkmeans,0.991946829683989,3985229.64527428,14,NA
5,2000,1000,500,3,random,mbkmeans,0.990225907343272,3910563.88936429,11,NA
6,2000,1000,500,3,random,mbkmeans,0.990455134192461,4120510.20255968,19,NA
7,2000,1000,500,3,random,mbkmeans,0.99379635925517,4114681.41786324,17,NA
8,2000,1000,500,3,random,mbkmeans,0.986622961979059,3911594.86787899,22,NA
9,2000,1000,500,3,random,mbkmeans,0.982091871072493,4062915.48322659,23,NA
10,2000,1000,500,3,random,mbkmeans,0.993619173781042,4019376.2167313,16,NA
11,2000,1000,500,3,random,mbkmeans,0.993436083839449,4098577.48581517,16,NA
12,2000,1000,500,3,random,mbkmeans,0.990689993720851,3921218.96173318,15,NA
13,2000,1000,500,3,random,mbkmeans,0.986549597785653,3930030.80310614,27,NA
14,2000,1000,500,3,random,mbkmeans,0.990462897609322,4016905.9035365,42,NA
15,2000,1000,500,3,random,mbkmeans,0.993607148772883,3988941.73160118,20,NA
16,2000,1000,500,3,random,mbkmeans,0.992164954957363,4003949.64228193,13,NA
17,2000,1000,500,3,random,mbkmeans,0.988899812136404,4050343.93839024,19,NA
18,2000,1000,500,3,random,mbkmeans,0.998493933117823,4164138.26891019,13,NA
19,2000,1000,500,3,random,mbkmeans,0.990503037764154,4070677.93599969,20,NA
20,2000,1000,500,3,random,mbkmeans,0.990471652876999,4145761.18857217,19,NA
21,2000,1000,500,3,random,mbkmeans,0.988199246400713,3930164.44840245,25,NA
22,2000,1000,500,3,random,mbkmeans,0.98993306412342,4096445.74772051,15,NA
23,2000,1000,500,3,random,mbkmeans,0.990285734657744,4156882.29775138,18,NA
24,2000,1000,500,3,random,mbkmeans,0.987058768765037,3903601.54967345,24,NA
25,2000,1000,500,3,random,mbkmeans,0.997027462013073,3799588.51805494,25,NA
26,2000,1000,500,3,random,mbkmeans,0.990275851389937,3984199.50562797,12,NA
27,2000,1000,500,3,random,mbkmeans,0.992794618122462,3988129.56674874,25,NA
28,2000,1000,500,3,random,mbkmeans,0.989229681467574,3944527.41198604,16,NA
29,2000,1000,500,3,random,mbkmeans,0.99319422390143,4078165.39322356,18,NA
30,2000,1000,500,3,random,mbkmeans,0.986905441228494,4005988.43590015,18,NA
31,2000,1000,500,3,random,mbkmeans,0.990257981276503,4118412.55694417,23,NA
32,2000,1000,500,3,random,mbkmeans,0.983669769590531,3980623.3013918,19,NA
33,2000,1000,500,3,random,mbkmeans,0.992729406786785,3897965.57740664,20,NA
34,2000,1000,500,3,random,mbkmeans,0.988226749218411,3862603.75357303,25,NA
35,2000,1000,500,3,random,mbkmeans,0.983247755193889,3962226.79336801,15,NA
36,2000,1000,500,3,random,mbkmeans,0.991959532465072,4036922.2454986,18,NA
37,2000,1000,500,3,random,mbkmeans,0.992198317804904,4193521.15707745,23,NA
38,2000,1000,500,3,random,mbkmeans,0.985337065690727,3882339.85035612,13,NA
39,2000,1000,500,3,random,mbkmeans,0.990229342245689,3936966.61309998,18,NA
40,2000,1000,500,3,random,mbkmeans,0.993628515539988,3830977.27264479,13,NA
41,2000,1000,500,3,random,mbkmeans,0.988543792866011,3985389.90714665,11,NA
42,2000,1000,500,3,random,mbkmeans,0.988557934320045,4043494.80185373,12,NA
43,2000,1000,500,3,random,mbkmeans,0.990234792852856,3976323.26937951,16,NA
44,2000,1000,500,3,random,mbkmeans,0.997203698226419,4029207.32671759,13,NA
45,2000,1000,500,3,random,mbkmeans,0.987056954249795,3820602.32138532,14,NA
46,2000,1000,500,3,random,mbkmeans,0.985207513472925,4053956.67313722,14,NA
47,2000,1000,500,3,random,mbkmeans,0.990018451832605,3890903.22271906,18,NA
48,2000,1000,500,3,random,mbkmeans,0.985546821433214,3786610.60160026,13,NA
49,2000,1000,500,3,random,mbkmeans,0.989889210062431,4179361.02993543,12,NA
50,2000,1000,500,3,random,mbkmeans,0.985364129844603,4064122.24895441,22,NA
1,2000,1000,750,3,random,mbkmeans,0.990619425938075,4151667.20458398,24,NA
2,2000,1000,750,3,random,mbkmeans,1,4055791.73790387,16,NA
3,2000,1000,750,3,random,mbkmeans,0.993419148896567,3909609.40922313,12,NA
4,2000,1000,750,3,random,mbkmeans,0.990738369070905,4005230.17434211,49,NA
5,2000,1000,750,3,random,mbkmeans,0.988536457867576,4023908.50059681,33,NA
6,2000,1000,750,3,random,mbkmeans,0.985397503187586,4053644.98718749,20,NA
7,2000,1000,750,3,random,mbkmeans,0.990175980044775,3987645.54131298,17,NA
8,2000,1000,750,3,random,mbkmeans,0.994882476088911,3935018.41445011,22,NA
9,2000,1000,750,3,random,mbkmeans,0.985588717696149,3856045.97176766,24,NA
10,2000,1000,750,3,random,mbkmeans,0.991947018090253,4031079.1833643,25,NA
11,2000,1000,750,3,random,mbkmeans,0.988756347309971,3928427.07696108,27,NA
12,2000,1000,750,3,random,mbkmeans,0.990695160455927,3989394.77571419,27,NA
13,2000,1000,750,3,random,mbkmeans,0.990952106728186,4091415.81664433,15,NA
14,2000,1000,750,3,random,mbkmeans,0.986616943810681,3951037.03188493,15,NA
15,2000,1000,750,3,random,mbkmeans,0.987030755741335,3961173.98379003,18,NA
16,2000,1000,750,3,random,mbkmeans,0.99533750738071,4009498.61476553,16,NA
17,2000,1000,750,3,random,mbkmeans,0.988368330974802,3932451.2526747,18,NA
18,2000,1000,750,3,random,mbkmeans,0.996803369786223,3753810.95354988,14,NA
19,2000,1000,750,3,random,mbkmeans,0.991935915037554,3869906.44659835,20,NA
20,2000,1000,750,3,random,mbkmeans,0.995318985506623,4172244.22916647,17,NA
21,2000,1000,750,3,random,mbkmeans,0.990010742209826,3980014.66781423,25,NA
22,2000,1000,750,3,random,mbkmeans,0.992413839078252,4035982.03071158,16,NA
23,2000,1000,750,3,random,mbkmeans,0.987111876917947,3908053.31017876,27,NA
24,2000,1000,750,3,random,mbkmeans,0.988502385175069,4007264.38114226,22,NA
25,2000,1000,750,3,random,mbkmeans,0.986914242537649,4068593.40060196,18,NA
26,2000,1000,750,3,random,mbkmeans,0.991949020216559,4018709.01475098,22,NA
27,2000,1000,750,3,random,mbkmeans,0.988367143780661,3994016.96950368,15,NA
28,2000,1000,750,3,random,mbkmeans,0.98369604365891,3948528.28743761,12,NA
29,2000,1000,750,3,random,mbkmeans,0.987996480573133,4090518.88162528,22,NA
30,2000,1000,750,3,random,mbkmeans,0.988350534553273,3924289.64747653,30,NA
31,2000,1000,750,3,random,mbkmeans,0.991509698940841,3937042.01517007,15,NA
32,2000,1000,750,3,random,mbkmeans,0.990272599927736,4162246.81393872,29,NA
33,2000,1000,750,3,random,mbkmeans,0.982001184639199,3916382.95590938,23,NA
34,2000,1000,750,3,random,mbkmeans,0.985601078198224,4092752.45654771,18,NA
35,2000,1000,750,3,random,mbkmeans,0.990446548315441,3935156.55119814,23,NA
36,2000,1000,750,3,random,mbkmeans,0.99363530310297,3959772.11528016,27,NA
37,2000,1000,750,3,random,mbkmeans,0.987297317362093,4140727.71527157,35,NA
38,2000,1000,750,3,random,mbkmeans,0.991935218727926,3842487.42036416,19,NA
39,2000,1000,750,3,random,mbkmeans,0.993392638166315,3986883.95251157,26,NA
40,2000,1000,750,3,random,mbkmeans,0.982195034230876,3983631.03083189,17,NA
41,2000,1000,750,3,random,mbkmeans,0.983655507673457,4092345.61556188,14,NA
42,2000,1000,750,3,random,mbkmeans,0.993816059573856,3938422.78199407,28,NA
43,2000,1000,750,3,random,mbkmeans,0.988222584108479,3932771.68034723,18,NA
44,2000,1000,750,3,random,mbkmeans,0.990454111692834,3853718.6042994,14,NA
45,2000,1000,750,3,random,mbkmeans,0.998505389847613,3976422.51900124,21,NA
46,2000,1000,750,3,random,mbkmeans,0.995343416619276,4023971.52082847,12,NA
47,2000,1000,750,3,random,mbkmeans,0.985620774084659,4112712.78363878,22,NA
48,2000,1000,750,3,random,mbkmeans,0.988335912940266,3971883.17407547,22,NA
49,2000,1000,750,3,random,mbkmeans,0.985629704911494,4076933.6727506,19,NA
50,2000,1000,750,3,random,mbkmeans,0.986824377320138,4079763.10884444,13,NA
1,2000,1000,1000,3,random,mbkmeans,0.988374528168396,3974847.00227987,21,NA
2,2000,1000,1000,3,random,mbkmeans,0.985994462941401,3934353.11334327,13,NA
3,2000,1000,1000,3,random,mbkmeans,0.993265810398144,3927424.50005082,14,NA
4,2000,1000,1000,3,random,mbkmeans,0.988770570972258,4150734.84932642,17,NA
5,2000,1000,1000,3,random,mbkmeans,0.9886024774227,4118435.72378672,20,NA
6,2000,1000,1000,3,random,mbkmeans,0.984865836799589,3952384.21037352,22,NA
7,2000,1000,1000,3,random,mbkmeans,0.982187697494696,3903748.78393633,18,NA
8,2000,1000,1000,3,random,mbkmeans,0.993598929061249,3755216.76888968,18,NA
9,2000,1000,1000,3,random,mbkmeans,0.994872738629261,4049295.32485814,17,NA
10,2000,1000,1000,3,random,mbkmeans,0.985773364035142,4136180.7522767,20,NA
11,2000,1000,1000,3,random,mbkmeans,0.990930135503511,4053662.58604424,23,NA
12,2000,1000,1000,3,random,mbkmeans,0.990460296060284,3948692.34860051,22,NA
13,2000,1000,1000,3,random,mbkmeans,0.993377515779444,4170335.91285086,29,NA
14,2000,1000,1000,3,random,mbkmeans,0.980559143644077,4109973.21241507,23,NA
15,2000,1000,1000,3,random,mbkmeans,0.987981439914849,4013957.6119622,20,NA
16,2000,1000,1000,3,random,mbkmeans,0.988778091124624,3922735.78036599,17,NA
17,2000,1000,1000,3,random,mbkmeans,0.991411874531385,3942461.19193745,28,NA
18,2000,1000,1000,3,random,mbkmeans,0.991761814130321,3795280.60070668,19,NA
19,2000,1000,1000,3,random,mbkmeans,0.99514104698601,4003966.63060061,23,NA
20,2000,1000,1000,3,random,mbkmeans,0.990458942544722,3976197.33382771,15,NA
21,2000,1000,1000,3,random,mbkmeans,0.994931781760522,3971047.61552665,17,NA
22,2000,1000,1000,3,random,mbkmeans,0.988959956920992,4012263.51434211,22,NA
23,2000,1000,1000,3,random,mbkmeans,0.993641707559558,3913893.83544943,23,NA
24,2000,1000,1000,3,random,mbkmeans,0.993658734275161,4199372.37813549,16,NA
25,2000,1000,1000,3,random,mbkmeans,0.993916654539301,3996030.17963619,23,NA
26,2000,1000,1000,3,random,mbkmeans,0.988950137240841,4120817.91540076,16,NA
27,2000,1000,1000,3,random,mbkmeans,0.985618775728221,4061602.10696908,28,NA
28,2000,1000,1000,3,random,mbkmeans,0.993426797149302,3951123.78280499,32,NA
29,2000,1000,1000,3,random,mbkmeans,0.995122915323184,4028790.22636473,26,NA
30,2000,1000,1000,3,random,mbkmeans,0.988763091924366,3764125.7498806,21,NA
31,2000,1000,1000,3,random,mbkmeans,0.983920567580728,4066582.776096,15,NA
32,2000,1000,1000,3,random,mbkmeans,0.990256657806652,3908825.23207606,18,NA
33,2000,1000,1000,3,random,mbkmeans,0.99008408682447,4007083.36451778,25,NA
34,2000,1000,1000,3,random,mbkmeans,0.993477856681284,4038806.57061237,28,NA
35,2000,1000,1000,3,random,mbkmeans,0.986979047065812,3951107.4726715,18,NA
36,2000,1000,1000,3,random,mbkmeans,0.993630125964095,4007820.4001378,12,NA
37,2000,1000,1000,3,random,mbkmeans,0.984103584318595,4100871.54741945,23,NA
38,2000,1000,1000,3,random,mbkmeans,0.987046410453133,3971284.51975073,46,NA
39,2000,1000,1000,3,random,mbkmeans,0.990240604539882,4011586.93086544,12,NA
40,2000,1000,1000,3,random,mbkmeans,0.986014062646157,4125880.82804761,24,NA
41,2000,1000,1000,3,random,mbkmeans,0.990453719456937,3969434.76331259,20,NA
42,2000,1000,1000,3,random,mbkmeans,0.991925411935434,3946575.41445501,36,NA
43,2000,1000,1000,3,random,mbkmeans,0.980924450414604,4030744.08523956,21,NA
44,2000,1000,1000,3,random,mbkmeans,0.993615434195407,3830536.93651771,20,NA
45,2000,1000,1000,3,random,mbkmeans,0.988790503147946,3989156.7529068,28,NA
46,2000,1000,1000,3,random,mbkmeans,0.986851319404357,4056007.64265863,15,NA
47,2000,1000,1000,3,random,mbkmeans,0.982884723946853,3991827.2730787,13,NA
48,2000,1000,1000,3,random,mbkmeans,0.983913139433876,3900858.24129213,17,NA
49,2000,1000,1000,3,random,mbkmeans,0.982414179800552,4047691.14889746,13,NA
50,2000,1000,1000,3,random,mbkmeans,0.990043180148184,4022128.99432057,23,NA
1,4000,1000,10,3,random,mbkmeans,0.990907152871154,10671828.6366512,20,NA
2,4000,1000,10,3,random,mbkmeans,0.970887329831485,13333867.4064911,24,NA
3,4000,1000,10,3,random,mbkmeans,0.951583939591872,11614367.4126707,12,NA
4,4000,1000,10,3,random,mbkmeans,0.972028464543193,11160140.4954243,49,NA
5,4000,1000,10,3,random,mbkmeans,0.980341553806607,9931544.33578921,12,NA
6,4000,1000,10,3,random,mbkmeans,0.986855742986857,11096548.0259157,16,NA
7,4000,1000,10,3,random,mbkmeans,0.925505928104036,15543089.8503179,24,NA
8,4000,1000,10,3,random,mbkmeans,0.956825550766034,13411212.9562398,15,NA
9,4000,1000,10,3,random,mbkmeans,0.986196525613259,10940208.3493493,22,NA
10,4000,1000,10,3,random,mbkmeans,0.982841576399496,10027202.7559482,19,NA
11,4000,1000,10,3,random,mbkmeans,0.99103895869766,9948174.6365335,23,NA
12,4000,1000,10,3,random,mbkmeans,0.95420199456613,11711612.3215538,31,NA
13,4000,1000,10,3,random,mbkmeans,0.98727630697511,9770570.29531461,13,NA
14,4000,1000,10,3,random,mbkmeans,0.991184378381694,11780462.5620556,17,NA
15,4000,1000,10,3,random,mbkmeans,0.955426628236759,11635093.5146521,14,NA
16,4000,1000,10,3,random,mbkmeans,0.972705430093269,10795769.7565796,12,NA
17,4000,1000,10,3,random,mbkmeans,0.986956691449577,10092640.0289272,25,NA
18,4000,1000,10,3,random,mbkmeans,0.984143691625945,10851067.9626606,26,NA
19,4000,1000,10,3,random,mbkmeans,0.993300734163012,11210027.1155578,22,NA
20,4000,1000,10,3,random,mbkmeans,0.735630234843004,25776559.8555621,26,NA
21,4000,1000,10,3,random,mbkmeans,0.988217311980435,10337876.3646263,13,NA
22,4000,1000,10,3,random,mbkmeans,0.987400852701423,9728724.94385721,26,NA
23,4000,1000,10,3,random,mbkmeans,0.952902074728646,14381089.2420633,22,NA
24,4000,1000,10,3,random,mbkmeans,0.962613105377371,11564440.5789647,12,NA
25,4000,1000,10,3,random,mbkmeans,0.979371329500419,11694526.9387698,35,NA
26,4000,1000,10,3,random,mbkmeans,0.979815993658587,9888196.96754722,15,NA
27,4000,1000,10,3,random,mbkmeans,0.996932308006281,10636829.9542732,15,NA
28,4000,1000,10,3,random,mbkmeans,0.988291444128853,10414545.7160968,17,NA
29,4000,1000,10,3,random,mbkmeans,0.97676378752738,10896253.7561119,18,NA
30,4000,1000,10,3,random,mbkmeans,0.993340061185291,11158444.6741747,13,NA
31,4000,1000,10,3,random,mbkmeans,0.97176403557056,10929006.3464397,11,NA
32,4000,1000,10,3,random,mbkmeans,0.963865316305119,12012675.9822107,12,NA
33,4000,1000,10,3,random,mbkmeans,0.943419044360769,13526669.944723,11,NA
34,4000,1000,10,3,random,mbkmeans,0.98918456097536,10636783.0298178,15,NA
35,4000,1000,10,3,random,mbkmeans,0.985677990582578,9548236.29582891,16,NA
36,4000,1000,10,3,random,mbkmeans,0.980434178089204,10036516.1972611,17,NA
37,4000,1000,10,3,random,mbkmeans,0.986122494067407,10020404.5305486,20,NA
38,4000,1000,10,3,random,mbkmeans,0.993312701634717,12230445.05561,15,NA
39,4000,1000,10,3,random,mbkmeans,0.96195692438459,11783135.0246685,15,NA
40,4000,1000,10,3,random,mbkmeans,0.994700170737807,9297540.63615433,18,NA
41,4000,1000,10,3,random,mbkmeans,0.967920894095983,11179530.4225148,18,NA
42,4000,1000,10,3,random,mbkmeans,0.996087273221449,10446205.4179041,14,NA
43,4000,1000,10,3,random,mbkmeans,0.970251100431509,13193056.8926196,13,NA
44,4000,1000,10,3,random,mbkmeans,0.984329968405294,9535222.78419572,29,NA
45,4000,1000,10,3,random,mbkmeans,0.92304993675231,14713351.4497545,30,NA
46,4000,1000,10,3,random,mbkmeans,0.983942031458931,9456135.0258562,15,NA
47,4000,1000,10,3,random,mbkmeans,0.985731696145485,9705131.23057536,16,NA
48,4000,1000,10,3,random,mbkmeans,0.981911055540009,11000198.7612704,16,NA
49,4000,1000,10,3,random,mbkmeans,0.98870105181709,9694473.10384928,20,NA
50,4000,1000,10,3,random,mbkmeans,0.986028497214275,14431311.6323105,17,NA
1,4000,1000,35,3,random,mbkmeans,0.993434724051099,9260600.73281628,14,NA
2,4000,1000,35,3,random,mbkmeans,0.993638822883394,8826260.12603459,16,NA
3,4000,1000,35,3,random,mbkmeans,0.976610656754558,8712847.82552501,22,NA
4,4000,1000,35,3,random,mbkmeans,0.982666094953387,8665356.65268226,21,NA
5,4000,1000,35,3,random,mbkmeans,0.989287373284148,9038923.16418793,16,NA
6,4000,1000,35,3,random,mbkmeans,0.984743830982705,9005166.19545432,12,NA
7,4000,1000,35,3,random,mbkmeans,0.988260435698041,8727790.62271061,17,NA
8,4000,1000,35,3,random,mbkmeans,0.986791263708992,8364932.62981293,16,NA
9,4000,1000,35,3,random,mbkmeans,0.981172286915663,9102585.7529305,20,NA
10,4000,1000,35,3,random,mbkmeans,0.98864055289147,8530817.92066982,23,NA
11,4000,1000,35,3,random,mbkmeans,0.989503472915731,8931625.56038844,15,NA
12,4000,1000,35,3,random,mbkmeans,0.997554426407675,8887797.5797065,16,NA
13,4000,1000,35,3,random,mbkmeans,0.993270851173665,8332025.37349414,25,NA
14,4000,1000,35,3,random,mbkmeans,0.985067458691305,8796368.88492058,19,NA
15,4000,1000,35,3,random,mbkmeans,0.992784231426831,8350695.90903381,28,NA
16,4000,1000,35,3,random,mbkmeans,0.990256130524323,8950713.00548307,16,NA
17,4000,1000,35,3,random,mbkmeans,0.982954745559537,8990743.68403387,19,NA
18,4000,1000,35,3,random,mbkmeans,0.986920736946197,8370364.77978446,13,NA
19,4000,1000,35,3,random,mbkmeans,0.99118700417009,8819474.50242237,12,NA
20,4000,1000,35,3,random,mbkmeans,0.989621825741705,8870527.22038431,23,NA
21,4000,1000,35,3,random,mbkmeans,0.985480282617947,8687085.19084022,12,NA
22,4000,1000,35,3,random,mbkmeans,0.993033081184341,8511646.43167187,16,NA
23,4000,1000,35,3,random,mbkmeans,0.991945489230178,8731292.65780039,20,NA
24,4000,1000,35,3,random,mbkmeans,0.981183372912339,9115639.40218411,28,NA
25,4000,1000,35,3,random,mbkmeans,0.982149755548009,10098379.3460814,11,NA
26,4000,1000,35,3,random,mbkmeans,0.9884800335292,8954601.71010192,13,NA
27,4000,1000,35,3,random,mbkmeans,0.993013270822892,8306085.85603483,25,NA
28,4000,1000,35,3,random,mbkmeans,0.978676868482373,8818373.12498447,29,NA
29,4000,1000,35,3,random,mbkmeans,0.990065298335457,8602874.12973569,11,NA
30,4000,1000,35,3,random,mbkmeans,0.992138153462365,9004327.50329672,21,NA
31,4000,1000,35,3,random,mbkmeans,0.987065826343674,8730548.68526905,26,NA
32,4000,1000,35,3,random,mbkmeans,0.99040482660163,9572052.58991783,22,NA
33,4000,1000,35,3,random,mbkmeans,0.990875839249845,8992531.62733238,13,NA
34,4000,1000,35,3,random,mbkmeans,0.985817407798209,8449728.285504,16,NA
35,4000,1000,35,3,random,mbkmeans,0.992181228032561,9045174.42018369,17,NA
36,4000,1000,35,3,random,mbkmeans,0.990306828057819,8847182.29751357,17,NA
37,4000,1000,35,3,random,mbkmeans,0.979324674610917,9347843.99767831,19,NA
38,4000,1000,35,3,random,mbkmeans,0.985726805120832,8687673.54628927,14,NA
39,4000,1000,35,3,random,mbkmeans,0.989400449934548,8515045.53262953,16,NA
40,4000,1000,35,3,random,mbkmeans,0.985487392790069,9418628.26910918,16,NA
41,4000,1000,35,3,random,mbkmeans,0.986916520558475,8730551.09505309,11,NA
42,4000,1000,35,3,random,mbkmeans,0.991321475486873,8487837.83453751,20,NA
43,4000,1000,35,3,random,mbkmeans,0.983289036439836,8716609.47336433,28,NA
44,4000,1000,35,3,random,mbkmeans,0.980226082597283,8961227.18544389,13,NA
45,4000,1000,35,3,random,mbkmeans,0.990341117908915,9818626.07911775,20,NA
46,4000,1000,35,3,random,mbkmeans,0.980404734027959,8416993.05136662,19,NA
47,4000,1000,35,3,random,mbkmeans,0.99119231460873,9415702.80662259,15,NA
48,4000,1000,35,3,random,mbkmeans,0.991095879787531,8642300.09758077,28,NA
49,4000,1000,35,3,random,mbkmeans,0.992472261096315,8716778.6100544,20,NA
50,4000,1000,35,3,random,mbkmeans,0.989706434713608,8252966.59212375,12,NA
1,4000,1000,75,3,random,mbkmeans,0.992550918634095,8310612.73723454,29,NA
2,4000,1000,75,3,random,mbkmeans,0.990997705773002,7915997.57598664,15,NA
3,4000,1000,75,3,random,mbkmeans,0.988771295423398,7870658.76355292,13,NA
4,4000,1000,75,3,random,mbkmeans,0.993529373673236,8276929.23372115,13,NA
5,4000,1000,75,3,random,mbkmeans,0.991949665470597,8322889.18463684,21,NA
6,4000,1000,75,3,random,mbkmeans,0.991850053430385,8196877.23305026,15,NA
7,4000,1000,75,3,random,mbkmeans,0.991951200076861,8186546.78221997,14,NA
8,4000,1000,75,3,random,mbkmeans,0.993624280006787,8638899.22150277,16,NA
9,4000,1000,75,3,random,mbkmeans,0.989404676741991,8339506.12841788,14,NA
10,4000,1000,75,3,random,mbkmeans,0.983215002437524,8489097.29195331,25,NA
11,4000,1000,75,3,random,mbkmeans,0.984880991949864,8631597.5793605,34,NA
12,4000,1000,75,3,random,mbkmeans,0.991122335757815,8355386.29172877,15,NA
13,4000,1000,75,3,random,mbkmeans,0.988579931848749,8511436.27666384,14,NA
14,4000,1000,75,3,random,mbkmeans,0.987205895910824,8348728.93531991,13,NA
15,4000,1000,75,3,random,mbkmeans,0.986968004429768,8248648.77036389,17,NA
16,4000,1000,75,3,random,mbkmeans,0.981346656834432,8202811.84627252,17,NA
17,4000,1000,75,3,random,mbkmeans,0.976643137091066,8481247.95746536,16,NA
18,4000,1000,75,3,random,mbkmeans,0.988662687913991,8590013.8861162,28,NA
19,4000,1000,75,3,random,mbkmeans,0.993415802287963,8568227.61773286,26,NA
20,4000,1000,75,3,random,mbkmeans,0.992888194233456,8433493.82967358,14,NA
21,4000,1000,75,3,random,mbkmeans,0.986115052635432,8483395.97689964,24,NA
22,4000,1000,75,3,random,mbkmeans,0.988346796575394,8431506.04675106,15,NA
23,4000,1000,75,3,random,mbkmeans,0.984158182569824,8550896.29136179,17,NA
24,4000,1000,75,3,random,mbkmeans,0.989714836661029,8218019.34178421,20,NA
25,4000,1000,75,3,random,mbkmeans,0.991555722874617,8614887.66166895,16,NA
26,4000,1000,75,3,random,mbkmeans,0.989345285844397,8272658.07883532,14,NA
27,4000,1000,75,3,random,mbkmeans,0.989878323066973,8362187.80843494,19,NA
28,4000,1000,75,3,random,mbkmeans,0.991315399194154,7985748.20266497,31,NA
29,4000,1000,75,3,random,mbkmeans,0.981403865028731,8089207.45101631,17,NA
30,4000,1000,75,3,random,mbkmeans,0.987282628415279,8275632.93915123,22,NA
31,4000,1000,75,3,random,mbkmeans,0.983183213864599,8641836.44859522,17,NA
32,4000,1000,75,3,random,mbkmeans,0.985487569476548,8227297.74286134,12,NA
33,4000,1000,75,3,random,mbkmeans,0.986476811774256,8297287.34168991,20,NA
34,4000,1000,75,3,random,mbkmeans,0.989674919839173,7939014.93209002,16,NA
35,4000,1000,75,3,random,mbkmeans,0.988893571938395,8395384.39065261,30,NA
36,4000,1000,75,3,random,mbkmeans,0.989651940322803,8039388.53026462,16,NA
37,4000,1000,75,3,random,mbkmeans,0.981797229050218,8449441.43881887,20,NA
38,4000,1000,75,3,random,mbkmeans,0.984221510824577,8609262.60099945,23,NA
39,4000,1000,75,3,random,mbkmeans,0.984647486508498,8307321.86124818,21,NA
40,4000,1000,75,3,random,mbkmeans,0.98952770516421,8252483.38690953,18,NA
41,4000,1000,75,3,random,mbkmeans,0.991232872742402,8172495.53223149,19,NA
42,4000,1000,75,3,random,mbkmeans,0.995022138712003,8322446.45548378,12,NA
43,4000,1000,75,3,random,mbkmeans,0.983597787299809,8789742.72462152,13,NA
44,4000,1000,75,3,random,mbkmeans,0.987643859971131,9184714.94024267,13,NA
45,4000,1000,75,3,random,mbkmeans,0.990139547481728,8151648.73456967,15,NA
46,4000,1000,75,3,random,mbkmeans,0.994366570042162,8361395.49581453,14,NA
47,4000,1000,75,3,random,mbkmeans,0.989210966953533,8167199.34460321,19,NA
48,4000,1000,75,3,random,mbkmeans,0.989724437803981,8032291.61958317,12,NA
49,4000,1000,75,3,random,mbkmeans,0.99017056223725,8179682.14749012,19,NA
50,4000,1000,75,3,random,mbkmeans,0.99029320373543,8557044.14100935,15,NA
1,4000,1000,150,3,random,mbkmeans,0.991320678522653,8384222.29927933,27,NA
2,4000,1000,150,3,random,mbkmeans,0.982378813005413,8439943.31441301,27,NA
3,4000,1000,150,3,random,mbkmeans,0.986841289290694,7858653.46827959,25,NA
4,4000,1000,150,3,random,mbkmeans,0.990017878213911,8102429.96206142,15,NA
5,4000,1000,150,3,random,mbkmeans,0.988674287070156,7992152.44684514,26,NA
6,4000,1000,150,3,random,mbkmeans,0.986973919160577,8017091.4002102,39,NA
7,4000,1000,150,3,random,mbkmeans,0.997793888328208,8237354.88439907,32,NA
8,4000,1000,150,3,random,mbkmeans,0.990998840506858,8225918.63437473,19,NA
9,4000,1000,150,3,random,mbkmeans,0.989337146826879,8171284.1405545,12,NA
10,4000,1000,150,3,random,mbkmeans,0.991089560565762,8028663.17338736,25,NA
11,4000,1000,150,3,random,mbkmeans,0.990457086625491,8154480.49733312,18,NA
12,4000,1000,150,3,random,mbkmeans,0.986907499648876,8051854.01782355,21,NA
13,4000,1000,150,3,random,mbkmeans,0.992790179688683,8304064.03172219,14,NA
14,4000,1000,150,3,random,mbkmeans,0.986878882835928,8148852.22249975,11,NA
15,4000,1000,150,3,random,mbkmeans,0.992264855744285,8271994.29713996,28,NA
16,4000,1000,150,3,random,mbkmeans,0.984448132297438,7975409.60538446,14,NA
17,4000,1000,150,3,random,mbkmeans,0.990461044596387,8237927.0862449,12,NA
18,4000,1000,150,3,random,mbkmeans,0.987082311226443,7851004.75718272,12,NA
19,4000,1000,150,3,random,mbkmeans,0.991414999122699,8152808.78931469,13,NA
20,4000,1000,150,3,random,mbkmeans,0.996071380873557,8260871.99128324,22,NA
21,4000,1000,150,3,random,mbkmeans,0.986257263043813,8218189.6693222,23,NA
22,4000,1000,150,3,random,mbkmeans,0.990993075573146,8092686.66584008,13,NA
23,4000,1000,150,3,random,mbkmeans,0.98610106407207,8742531.75914644,23,NA
24,4000,1000,150,3,random,mbkmeans,0.990268722474096,8411326.54207736,42,NA
25,4000,1000,150,3,random,mbkmeans,0.995105995108134,8307195.49981204,14,NA
26,4000,1000,150,3,random,mbkmeans,0.975921117118818,8148461.73072536,18,NA
27,4000,1000,150,3,random,mbkmeans,0.990776038632225,7940092.37155872,30,NA
28,4000,1000,150,3,random,mbkmeans,0.991213756013358,7993563.39311977,16,NA
29,4000,1000,150,3,random,mbkmeans,0.991968566111259,7994447.43464358,36,NA
30,4000,1000,150,3,random,mbkmeans,0.989503225200779,8486544.12417037,20,NA
31,4000,1000,150,3,random,mbkmeans,0.982756927777035,8333510.13909577,27,NA
32,4000,1000,150,3,random,mbkmeans,0.99226758764625,8153165.76544662,17,NA
33,4000,1000,150,3,random,mbkmeans,0.986555922220473,8327685.15185931,14,NA
34,4000,1000,150,3,random,mbkmeans,0.986364982406206,8269132.56086242,16,NA
35,4000,1000,150,3,random,mbkmeans,0.986350316474156,8099793.73051335,14,NA
36,4000,1000,150,3,random,mbkmeans,0.985052449708864,8158713.49933909,21,NA
37,4000,1000,150,3,random,mbkmeans,0.996071930519212,7904764.76913518,16,NA
38,4000,1000,150,3,random,mbkmeans,0.988268080221754,8245168.37037246,19,NA
39,4000,1000,150,3,random,mbkmeans,0.98548037901307,8202442.81737551,28,NA
40,4000,1000,150,3,random,mbkmeans,0.983999932030884,8207357.98841767,14,NA
41,4000,1000,150,3,random,mbkmeans,0.982563584280433,8207349.9222573,31,NA
42,4000,1000,150,3,random,mbkmeans,0.992558381922021,7997821.76774043,12,NA
43,4000,1000,150,3,random,mbkmeans,0.991397877972819,8100227.51017897,32,NA
44,4000,1000,150,3,random,mbkmeans,0.991202214393692,8035777.0550595,24,NA
45,4000,1000,150,3,random,mbkmeans,0.988072402960519,8535025.30047251,18,NA
46,4000,1000,150,3,random,mbkmeans,0.996409327197308,8516867.70727033,26,NA
47,4000,1000,150,3,random,mbkmeans,0.987325861988811,8310930.10367727,32,NA
48,4000,1000,150,3,random,mbkmeans,0.99067886835235,8219000.97450418,23,NA
49,4000,1000,150,3,random,mbkmeans,0.992415935204832,8143671.00661275,13,NA
50,4000,1000,150,3,random,mbkmeans,0.987182487396886,8197536.47141109,17,NA
1,4000,1000,500,3,random,mbkmeans,0.9941835350021,7917433.3895809,19,NA
2,4000,1000,500,3,random,mbkmeans,0.993005719388132,7615768.37250573,19,NA
3,4000,1000,500,3,random,mbkmeans,0.990460887767453,8088898.06274711,22,NA
4,4000,1000,500,3,random,mbkmeans,0.992045117468857,8173626.11440289,18,NA
5,4000,1000,500,3,random,mbkmeans,0.985820003935907,8311624.44533597,23,NA
6,4000,1000,500,3,random,mbkmeans,0.992589086082965,7984944.55817605,20,NA
7,4000,1000,500,3,random,mbkmeans,0.9871905391163,8275147.55144565,15,NA
8,4000,1000,500,3,random,mbkmeans,0.98759716259665,8215650.68911305,15,NA
9,4000,1000,500,3,random,mbkmeans,0.992582334617477,8020583.14425961,13,NA
10,4000,1000,500,3,random,mbkmeans,0.990890097542598,7869335.98145317,15,NA
11,4000,1000,500,3,random,mbkmeans,0.995965132212076,7894427.76353527,26,NA
12,4000,1000,500,3,random,mbkmeans,0.991070149428624,7817737.24654677,20,NA
13,4000,1000,500,3,random,mbkmeans,0.991302510630837,8094369.37796203,12,NA
14,4000,1000,500,3,random,mbkmeans,0.991963445346059,8234447.41828021,16,NA
15,4000,1000,500,3,random,mbkmeans,0.987909219972345,7936798.19782296,12,NA
16,4000,1000,500,3,random,mbkmeans,0.985780565306541,7858932.3104271,16,NA
17,4000,1000,500,3,random,mbkmeans,0.986247342157113,8010886.19859117,15,NA
18,4000,1000,500,3,random,mbkmeans,0.984458796687019,7929059.72828702,13,NA
19,4000,1000,500,3,random,mbkmeans,0.993530979639755,7898187.68493464,30,NA
20,4000,1000,500,3,random,mbkmeans,0.994196838474853,7844303.3939996,25,NA
21,4000,1000,500,3,random,mbkmeans,0.992787366540034,7938575.68769683,20,NA
22,4000,1000,500,3,random,mbkmeans,0.988210283602987,8154971.45250057,13,NA
23,4000,1000,500,3,random,mbkmeans,0.987903960544755,8086551.78655122,15,NA
24,4000,1000,500,3,random,mbkmeans,0.988896051301584,7901954.93951655,34,NA
25,4000,1000,500,3,random,mbkmeans,0.982547421789007,7997023.95219744,18,NA
26,4000,1000,500,3,random,mbkmeans,0.986351694157676,8009012.5765921,21,NA
27,4000,1000,500,3,random,mbkmeans,0.994581865951999,7984240.74859928,12,NA
28,4000,1000,500,3,random,mbkmeans,0.984468386345621,8107999.22860654,20,NA
29,4000,1000,500,3,random,mbkmeans,0.992035179584119,7988432.64712834,27,NA
30,4000,1000,500,3,random,mbkmeans,0.986549776813522,8152857.69427308,19,NA
31,4000,1000,500,3,random,mbkmeans,0.986131699346299,8176594.76447823,16,NA
32,4000,1000,500,3,random,mbkmeans,0.990345402648369,7916920.26364626,19,NA
33,4000,1000,500,3,random,mbkmeans,0.986742927713949,7964432.61276943,17,NA
34,4000,1000,500,3,random,mbkmeans,0.992684047154044,8134464.89448709,20,NA
35,4000,1000,500,3,random,mbkmeans,0.991117078447438,8203722.96058163,23,NA
36,4000,1000,500,3,random,mbkmeans,0.986906236458869,8224024.88913127,16,NA
37,4000,1000,500,3,random,mbkmeans,0.990200059021833,7996110.05299911,26,NA
38,4000,1000,500,3,random,mbkmeans,0.985711935320323,8262304.4311497,18,NA
39,4000,1000,500,3,random,mbkmeans,0.984443784131473,8049917.58130741,18,NA
40,4000,1000,500,3,random,mbkmeans,0.989831245776728,7839864.4046381,34,NA
41,4000,1000,500,3,random,mbkmeans,0.995226114186144,8175999.21642718,20,NA
42,4000,1000,500,3,random,mbkmeans,0.984476201886648,8113517.73271934,16,NA
43,4000,1000,500,3,random,mbkmeans,0.992796093107577,7893981.48402982,18,NA
44,4000,1000,500,3,random,mbkmeans,0.992796326976468,8167212.94396224,22,NA
45,4000,1000,500,3,random,mbkmeans,0.990438584083635,7760388.04928483,18,NA
46,4000,1000,500,3,random,mbkmeans,0.992299508815827,7926654.53948136,30,NA
47,4000,1000,500,3,random,mbkmeans,0.990234887318889,7869417.84716431,31,NA
48,4000,1000,500,3,random,mbkmeans,0.991936286356137,7966675.40076433,14,NA
49,4000,1000,500,3,random,mbkmeans,0.989414178230323,7987402.3374759,18,NA
50,4000,1000,500,3,random,mbkmeans,0.989294220805809,8330027.28566648,19,NA
1,4000,1000,750,3,random,mbkmeans,0.990995905214628,8069580.14482978,25,NA
2,4000,1000,750,3,random,mbkmeans,0.993235257795016,7963382.95422739,17,NA
3,4000,1000,750,3,random,mbkmeans,0.988025958193613,8142204.49836902,13,NA
4,4000,1000,750,3,random,mbkmeans,0.992152223458997,8496936.78132005,18,NA
5,4000,1000,750,3,random,mbkmeans,0.987717986891719,7875315.81481601,26,NA
6,4000,1000,750,3,random,mbkmeans,0.990262798072491,8071840.73270576,11,NA
7,4000,1000,750,3,random,mbkmeans,0.987714102606707,8061972.68460786,22,NA
8,4000,1000,750,3,random,mbkmeans,0.987652421452708,8181155.64866738,28,NA
9,4000,1000,750,3,random,mbkmeans,0.989502216037249,7959809.70268028,29,NA
10,4000,1000,750,3,random,mbkmeans,0.991105383056239,8021911.1360826,12,NA
11,4000,1000,750,3,random,mbkmeans,0.989305233181498,7843492.3564938,29,NA
12,4000,1000,750,3,random,mbkmeans,0.991194219516939,7645092.50326516,18,NA
13,4000,1000,750,3,random,mbkmeans,0.986982260067261,8272998.80705907,21,NA
14,4000,1000,750,3,random,mbkmeans,0.990255583582866,7639434.00609681,18,NA
15,4000,1000,750,3,random,mbkmeans,0.986640447796342,7966407.84050538,13,NA
16,4000,1000,750,3,random,mbkmeans,0.984300233540162,8453979.58427262,21,NA
17,4000,1000,750,3,random,mbkmeans,0.991088797315994,7952724.50929522,12,NA
18,4000,1000,750,3,random,mbkmeans,0.986364360222162,7816854.19128842,25,NA
19,4000,1000,750,3,random,mbkmeans,0.989301260192469,8084041.8925922,21,NA
20,4000,1000,750,3,random,mbkmeans,0.993525167180037,8170464.7737701,23,NA
21,4000,1000,750,3,random,mbkmeans,0.986571275370318,8090647.39457874,14,NA
22,4000,1000,750,3,random,mbkmeans,0.991316152143279,8139816.4321938,11,NA
23,4000,1000,750,3,random,mbkmeans,0.988002602531134,7836233.93914795,15,NA
24,4000,1000,750,3,random,mbkmeans,0.985938699025428,8129775.62757266,34,NA
25,4000,1000,750,3,random,mbkmeans,0.979069641935804,8054178.23091584,13,NA
26,4000,1000,750,3,random,mbkmeans,0.992238020545151,8138734.92531662,16,NA
27,4000,1000,750,3,random,mbkmeans,0.98886448965976,8048754.5448404,23,NA
28,4000,1000,750,3,random,mbkmeans,0.992786080953918,7990331.98271568,15,NA
29,4000,1000,750,3,random,mbkmeans,0.987496480904795,7884227.82150699,15,NA
30,4000,1000,750,3,random,mbkmeans,0.991300266885535,7820799.15335842,15,NA
31,4000,1000,750,3,random,mbkmeans,0.987004834830178,8144354.1227092,24,NA
32,4000,1000,750,3,random,mbkmeans,0.987696540369327,8149461.56014317,15,NA
33,4000,1000,750,3,random,mbkmeans,0.988893413858937,7994719.91411832,17,NA
34,4000,1000,750,3,random,mbkmeans,0.987722416502161,8069441.72473846,41,NA
35,4000,1000,750,3,random,mbkmeans,0.990988960502069,8030467.56081058,21,NA
36,4000,1000,750,3,random,mbkmeans,0.991085908787523,7814927.77570811,13,NA
37,4000,1000,750,3,random,mbkmeans,0.992170544672625,7989321.3052161,15,NA
38,4000,1000,750,3,random,mbkmeans,0.990752516581324,8212371.83915321,28,NA
39,4000,1000,750,3,random,mbkmeans,0.984435440977104,8184184.95316167,22,NA
40,4000,1000,750,3,random,mbkmeans,0.985933744995033,8084320.64492856,14,NA
41,4000,1000,750,3,random,mbkmeans,0.988758008665527,7840616.52407423,14,NA
42,4000,1000,750,3,random,mbkmeans,0.990708645053263,7980380.918102,15,NA
43,4000,1000,750,3,random,mbkmeans,0.987009338108771,8108371.27101459,16,NA
44,4000,1000,750,3,random,mbkmeans,0.986657136162651,8210321.6491881,17,NA
45,4000,1000,750,3,random,mbkmeans,0.986224919480828,8233003.86121736,13,NA
46,4000,1000,750,3,random,mbkmeans,0.985810821071207,7973815.77744222,19,NA
47,4000,1000,750,3,random,mbkmeans,0.994273115606759,7928609.05020012,15,NA
48,4000,1000,750,3,random,mbkmeans,0.992685861347801,8159295.70305445,12,NA
49,4000,1000,750,3,random,mbkmeans,0.990037240120904,8259705.22938974,20,NA
50,4000,1000,750,3,random,mbkmeans,0.990764657824795,7959328.13676343,25,NA
